,Player,G,GS,Int,Yds,IntTD,Lng,PD,FF,Fmb,FR,Yds.1,FRTD,Sk,Comb,Solo,Ast,TFL,QBHits,Sfty,Awards
0,a'shawn robinson,17.0,13.0,0.0,0.0,0.0,0.0,2.0,0.0,0.0,0.0,0.0,0.0,0.0,62.0,34.0,28.0,6.0,1.0,0.0,0.0
1,aaron donald,13.5,13.5,0.0,0.0,0.0,0.0,2.5,0.5,0.0,0.5,0.0,0.0,6.5,51.0,27.5,23.5,13.0,17.0,0.0,7.5
2,abdullah anderson,5.0,0.0,0.0,0.0,0.0,0.0,0.0,0.0,0.0,0.5,0.0,0.0,0.25,5.0,3.0,2.0,0.5,0.5,0.0,0.0
3,adam butler,17.0,0.5,0.0,0.0,0.0,0.0,3.5,0.5,0.0,0.0,0.0,0.0,3.5,22.5,12.5,10.0,5.0,7.0,0.0,0.0
4,adam gotsis,13.25,3.0,0.0,0.0,0.0,0.0,1.5,0.0,0.0,0.25,0.0,0.0,1.375,20.0,13.0,7.0,3.0,6.25,0.0,0.0
5,adetomiwa adebawore,13.0,0.0,0.0,0.0,0.0,0.0,0.0,0.0,0.0,0.0,0.0,0.0,1.25,6.0,4.5,1.5,2.0,3.0,0.0,0.0
6,adrian phillips,17.0,1.0,0.0,0.0,0.0,0.0,0.0,0.0,0.0,0.0,0.0,0.0,0.0,17.0,10.0,7.0,0.0,0.0,0.0,0.0
7,aidan hutchinson,11.0,11.0,0.5,3.0,0.0,3.0,3.5,2.0,0.0,1.0,0.0,0.0,9.5,35.0,24.0,11.0,10.5,25.0,0.0,3.0
8,aj epenesa,14.666666666666666,1.0,0.6666666666666666,12.666666666666666,0.3333333333333333,10.666666666666666,4.666666666666667,1.0,0.0,0.6666666666666666,0.0,0.0,4.833333333333333,16.666666666666668,10.0,6.666666666666667,5.333333333333333,9.666666666666666,0.0,0.0
9,akeem spence,4.0,0.0,0.0,0.0,0.0,0.0,0.0,0.0,0.0,0.0,0.0,0.0,0.0,5.5,2.0,3.5,0.0,0.0,0.0,0.0
10,akiem hicks,9.0,9.0,0.0,0.0,0.0,0.0,0.0,0.0,0.0,0.0,0.0,0.0,3.5,25.0,19.0,6.0,5.0,9.0,0.0,0.0
11,al woods,6.0,0.0,0.0,0.0,0.0,0.0,0.0,0.0,0.0,0.0,0.0,0.0,1.0,6.0,4.0,2.0,2.0,2.0,0.0,0.0
12,al-quadin muhammad,9.0,2.0,0.0,0.0,0.0,0.0,1.0,0.0,0.0,0.0,0.0,0.0,3.0,11.0,8.0,3.0,4.0,5.0,0.0,0.0
13,albert huggins,11.0,3.0,0.0,0.0,0.0,0.0,0.0,0.0,0.0,0.5,0.0,0.0,0.0,19.0,5.0,14.0,0.0,2.0,0.0,0.0
14,alex barrett,3.0,0.0,0.0,0.0,0.0,0.0,0.0,0.0,0.0,0.0,0.0,0.0,0.0,2.0,2.0,0.0,0.0,0.0,0.0,0.0
15,alex okafor,17.0,0.0,0.0,0.0,0.0,0.0,2.0,1.0,0.0,0.0,0.0,0.0,1.5,23.0,7.0,16.0,0.0,7.0,0.0,0.0
16,alex wright,12.333333333333334,2.0,0.0,0.0,0.0,0.0,2.3333333333333335,0.6666666666666666,0.0,0.6666666666666666,0.0,0.0,2.0,20.333333333333332,11.333333333333334,9.0,3.0,2.0,0.3333333333333333,0.0
17,alim mcneill,13.0,13.0,0.0,0.0,0.0,0.0,1.0,1.0,0.0,0.0,0.0,0.0,5.0,32.0,17.0,15.0,6.0,10.0,0.0,0.0
18,alton robinson,16.0,2.0,0.0,0.0,0.0,0.0,1.0,1.0,0.0,0.0,0.0,0.0,1.0,22.0,13.0,9.0,5.0,3.0,0.0,0.0
19,amani bledsoe,5.0,2.0,0.0,0.0,0.0,0.0,1.0,0.0,0.0,0.0,0.0,0.0,0.0,1.0,1.0,0.0,0.0,0.0,0.0,0.0
20,amare barno,9.0,0.0,0.0,0.0,0.0,0.0,0.0,0.0,0.0,0.0,0.0,0.0,2.0,9.0,8.0,1.0,2.0,2.0,0.0,0.0
21,andre carter ii,3.0,0.0,0.0,0.0,0.0,0.0,0.0,0.0,0.0,0.0,0.0,0.0,0.5,1.0,0.0,1.0,0.0,1.0,0.0,0.0
22,andre jones,8.0,1.0,0.0,0.0,0.0,0.0,1.5,0.0,0.0,0.0,0.0,0.0,0.0,2.5,1.0,1.5,0.0,0.0,0.0,0.0
23,andrew billings,17.0,17.0,0.0,0.0,0.0,0.0,0.0,0.0,0.0,0.0,0.0,0.0,0.0,27.0,12.0,15.0,3.0,2.0,0.0,0.0
24,andrew brown,3.5,0.0,0.0,0.0,0.0,0.0,0.0,0.0,0.0,0.0,0.0,0.0,0.0,1.0,1.0,0.0,0.0,0.0,0.0,0.0
25,angelo blackson,9.0,1.3333333333333333,0.0,0.0,0.0,0.0,0.3333333333333333,0.0,0.0,1.0,0.0,0.0,0.0,12.0,6.333333333333333,5.666666666666667,1.0,0.3333333333333333,0.0,0.0
26,anthony nelson,17.0,2.0,0.0,0.0,0.0,0.0,1.0,0.0,0.0,1.0,0.0,0.0,5.0,22.0,13.0,9.0,7.0,10.0,0.0,0.0
27,antwaun woods,7.0,0.0,0.0,0.0,0.0,0.0,0.0,0.0,0.0,0.0,0.0,0.0,0.0,5.0,2.0,3.0,0.0,0.0,0.0,0.0
28,arden key,17.0,1.5,0.0,0.0,0.0,0.0,1.5,0.0,0.0,0.5,0.0,0.0,5.5,24.5,13.5,11.0,5.0,16.0,0.0,0.0
29,arik armstead,17.0,1.0,0.0,0.0,0.0,0.0,3.0,0.0,0.0,0.0,0.0,0.0,2.0,29.0,21.0,8.0,3.0,7.0,0.0,0.0
30,armon watts,10.0,0.0,0.0,0.0,0.0,0.0,0.0,0.0,0.0,0.0,0.0,0.0,0.25,11.0,4.5,6.5,1.0,1.5,0.0,0.0
31,arron mosby,16.0,0.0,0.0,0.0,0.0,0.0,2.0,0.0,0.0,0.0,0.0,0.0,0.5,12.0,6.0,6.0,1.0,2.0,0.0,0.0
32,austin booker,17.0,0.0,0.0,0.0,0.0,0.0,0.0,0.0,0.0,0.0,0.0,0.0,1.5,21.0,14.0,7.0,3.0,4.0,0.0,0.0
33,austin bryant,5.5,0.0,0.0,0.0,0.0,0.0,0.5,0.0,0.0,0.0,0.0,0.0,0.0,5.0,3.5,1.5,0.5,1.5,0.0,0.0
34,austin faoliu,1.0,0.0,0.0,0.0,0.0,0.0,0.0,0.0,0.0,0.0,0.0,0.0,0.0,2.0,2.0,0.0,0.0,0.0,0.0,0.0
35,austin johnson,16.0,9.0,1.0,4.5,0.0,2.5,2.0,0.5,0.0,0.5,0.0,0.0,0.25,32.5,15.5,17.0,1.0,1.0,0.0,0.0
36,ben stille,6.0,0.3333333333333333,0.0,0.0,0.0,0.0,0.3333333333333333,0.0,0.0,0.3333333333333333,0.0,0.0,0.6666666666666666,5.666666666666667,2.3333333333333335,3.3333333333333335,0.3333333333333333,1.0,0.0,0.0
37,benito jones,17.0,7.5,0.0,0.0,0.0,0.0,1.0,0.0,0.0,0.0,0.0,0.0,1.25,21.0,10.5,10.5,1.5,5.0,0.0,0.0
38,benning potoa'e,1.3333333333333333,0.0,0.0,0.0,0.0,0.0,0.0,0.0,0.0,0.0,0.0,0.0,0.0,2.0,0.6666666666666666,1.3333333333333333,0.3333333333333333,0.0,0.0,0.0
39,bilal nichols,6.0,5.0,0.0,0.0,0.0,0.0,0.0,0.0,0.0,0.0,0.0,0.0,0.0,10.0,6.0,4.0,1.0,1.0,0.0,0.0
40,bj hill,16.5,9.5,1.0,0.0,0.0,0.0,2.5,0.0,0.0,0.5,0.0,0.0,5.0,50.5,27.5,23.0,4.0,16.5,0.0,0.0
41,bj thompson,1.0,0.0,0.0,0.0,0.0,0.0,0.0,0.0,0.0,0.0,0.0,0.0,0.0,2.0,2.0,0.0,0.0,0.0,0.0,0.0
42,bobby brown,9.5,0.5,0.0,0.0,0.0,0.0,0.0,0.0,0.0,0.0,0.0,0.0,0.0,4.5,2.5,2.0,0.5,0.0,0.0,0.0
43,boogie basham,11.5,0.0,0.5,10.5,0.0,10.5,1.0,0.0,0.0,0.5,0.5,0.0,2.25,18.5,10.0,8.5,2.5,4.0,0.0,0.0
44,bradlee anae,4.0,0.0,0.0,0.0,0.0,0.0,0.0,0.0,0.0,0.0,0.0,0.0,0.0,2.0,2.0,0.0,0.0,0.0,0.0,0.0
45,braiden mcgregor,7.0,0.0,0.0,0.0,0.0,0.0,0.0,0.0,0.0,0.0,0.0,0.0,0.0,6.0,3.0,3.0,0.0,0.0,0.0,0.0
46,brandin bryant,3.0,0.0,0.0,0.0,0.0,0.0,0.0,0.0,0.0,0.0,0.0,0.0,0.0,2.5,2.0,0.5,0.0,0.5,0.0,0.0
47,brandon dorlus,2.0,0.0,0.0,0.0,0.0,0.0,0.0,0.0,0.0,0.0,0.0,0.0,0.0,3.0,1.0,2.0,0.0,0.0,0.0,0.0
48,brandon graham,11.75,1.0,0.0,0.0,0.0,0.0,1.0,0.75,0.0,0.0,0.0,0.0,4.375,18.25,11.75,6.5,5.5,7.5,0.0,0.25
49,brandon pili,6.0,0.0,0.0,0.0,0.0,0.0,0.0,0.0,0.0,0.0,0.0,0.0,0.0,2.0,1.0,1.0,0.0,0.0,0.0,0.0
50,brandon williams,5.0,0.0,0.0,0.0,0.0,0.0,0.0,0.0,0.0,0.0,0.0,0.0,0.5,2.0,1.0,1.0,1.0,2.0,0.0,0.0
51,bravvion roy,15.0,3.0,0.5,1.5,0.0,1.5,2.5,0.0,0.0,0.0,0.0,0.0,0.0,23.5,8.5,15.0,0.5,1.5,0.0,0.0
52,braxton hoyett,1.0,0.0,0.0,0.0,0.0,0.0,0.0,0.0,0.0,0.0,0.0,0.0,0.0,4.0,2.0,2.0,1.0,0.0,0.0,0.0
53,breiden fehoko,8.5,2.0,0.0,0.0,0.0,0.0,0.0,0.0,0.0,0.0,0.0,0.0,0.0,18.0,7.5,10.5,0.5,0.0,0.0,0.0
54,brent urban,13.0,1.75,0.0,0.0,0.0,0.0,2.0,0.0,0.0,0.25,0.0,0.0,1.0,16.5,8.75,7.75,1.75,1.75,0.0,0.0
55,brenton cox,7.0,0.0,0.0,0.0,0.0,0.0,0.0,1.0,0.0,0.0,0.0,0.0,4.0,12.0,8.0,4.0,5.0,7.0,0.0,0.0
56,broderick washington jr,15.0,4.0,0.0,0.0,0.0,0.0,0.6666666666666666,0.3333333333333333,0.0,0.6666666666666666,0.0,0.0,1.6666666666666667,18.333333333333332,9.0,9.333333333333334,2.0,3.3333333333333335,0.0,0.0
57,brodric martin,2.5,0.5,0.0,0.0,0.0,0.0,0.0,0.0,0.0,0.0,0.0,0.0,0.0,2.0,0.5,1.5,0.0,0.0,0.0,0.0
58,bruce hector,3.6666666666666665,0.0,0.0,0.0,0.0,0.0,0.0,0.0,0.0,0.0,0.0,0.0,0.3333333333333333,6.333333333333333,3.0,3.3333333333333335,1.3333333333333333,0.3333333333333333,0.0,0.0
59,bryan bresee,17.0,5.5,0.0,0.0,0.0,0.0,4.5,0.5,0.0,0.0,0.0,0.0,6.0,24.5,14.5,10.0,7.0,11.5,0.0,0.0
60,bryan mone,13.0,3.0,0.0,0.0,0.0,0.0,1.0,0.0,0.0,0.0,0.0,0.0,0.0,25.0,15.0,10.0,2.0,1.0,0.0,0.0
61,bryce huff,13.0,3.0,0.0,0.0,0.0,0.0,0.5,1.0,0.0,0.0,0.0,0.0,3.0,9.5,4.5,5.0,2.5,7.0,0.0,0.0
62,bunmi rotimi,9.0,1.0,0.0,0.0,0.0,0.0,0.0,0.0,0.0,0.0,0.0,0.0,1.0,10.0,5.0,5.0,1.0,1.0,0.0,0.0
63,byron cowart,16.0,3.5,0.0,0.0,0.0,0.0,0.0,0.0,0.0,0.0,0.0,0.0,1.25,19.0,9.0,10.0,3.5,2.0,0.0,0.0
64,byron young,6.0,0.0,0.0,0.0,0.0,0.0,0.0,0.0,0.0,0.0,0.0,0.0,0.0,4.0,4.0,0.0,0.0,0.0,0.0,0.0
65,calais campbell,15.5,15.5,0.0,0.0,0.0,0.0,1.5,1.5,0.0,0.5,0.0,0.0,6.0,46.0,25.0,21.0,7.0,15.5,0.5,0.0
66,calijah kancey,14.0,14.0,0.0,0.0,0.0,0.0,1.0,0.0,0.0,0.0,0.0,0.0,4.0,26.0,19.0,7.0,10.0,12.0,0.0,2.0
67,cameron heyward,15.0,15.0,0.3333333333333333,0.0,0.0,0.0,4.666666666666667,0.6666666666666666,0.0,0.6666666666666666,0.0,0.0,7.5,65.33333333333333,39.0,26.333333333333332,11.666666666666666,14.333333333333334,0.0,4.666666666666667
68,cameron jordan,17.0,17.0,0.0,0.0,0.0,0.0,3.0,0.0,0.0,1.0,0.0,0.0,2.0,43.0,20.0,23.0,3.0,6.0,0.0,0.0
69,cameron malveaux,3.0,0.0,0.0,0.0,0.0,0.0,0.0,0.0,0.0,0.0,0.0,0.0,0.0,3.0,0.0,3.0,0.0,2.0,0.0,0.0
70,cameron sample,15.666666666666666,1.0,0.0,0.0,0.0,0.0,0.3333333333333333,0.0,0.0,0.0,0.0,0.0,1.6666666666666667,22.666666666666668,14.666666666666666,8.0,2.0,6.666666666666667,0.0,0.0
71,cameron thomas,5.0,0.0,0.0,0.0,0.0,0.0,0.0,0.0,0.0,0.0,0.0,0.0,1.0,11.0,6.0,5.0,4.0,1.0,0.0,0.0
72,cameron young,16.0,1.0,0.0,0.0,0.0,0.0,1.0,0.0,0.0,0.0,0.0,0.0,0.0,18.0,10.0,8.0,1.0,1.0,0.0,0.0
73,carl davis,12.0,2.0,0.0,0.0,0.0,0.0,0.0,0.0,0.0,0.3333333333333333,5.666666666666667,0.0,0.6666666666666666,11.0,5.333333333333333,5.666666666666667,0.6666666666666666,0.6666666666666666,0.0,0.0
74,carl granderson,16.0,8.0,0.0,0.0,0.0,0.0,0.3333333333333333,0.6666666666666666,0.0,0.6666666666666666,0.0,0.0,5.666666666666667,52.0,28.333333333333332,23.666666666666668,9.333333333333334,12.333333333333334,0.0,0.0
75,carl lawson,10.5,1.5,0.0,0.0,0.0,0.0,0.0,0.5,0.0,0.0,0.0,0.0,2.5,10.0,4.5,5.5,2.0,7.5,0.0,0.0
76,carl nassib,13.0,0.5,0.0,0.0,0.0,0.0,1.5,0.5,0.0,0.5,0.0,0.0,2.5,22.0,15.5,6.5,4.5,5.0,0.0,0.0
77,carlos davis,4.0,0.0,0.0,0.0,0.0,0.0,0.0,0.0,0.0,0.0,0.0,0.0,0.0,5.0,3.0,2.0,1.0,0.0,0.0,0.0
78,carlos dunlap,17.0,2.0,0.0,0.0,0.0,0.0,7.5,1.0,0.0,0.0,0.0,0.0,6.25,37.0,24.5,12.5,7.0,13.0,0.0,0.0
79,carlos watkins,9.666666666666666,1.6666666666666667,0.0,0.0,0.0,0.0,0.3333333333333333,0.3333333333333333,0.0,0.0,0.0,0.0,0.3333333333333333,15.0,7.0,8.0,1.0,0.3333333333333333,0.0,0.0
80,casey toohill,15.333333333333334,3.0,0.0,0.0,0.0,0.0,0.6666666666666666,0.0,0.0,1.3333333333333333,0.3333333333333333,0.3333333333333333,2.3333333333333335,23.666666666666668,13.0,10.666666666666666,3.3333333333333335,4.666666666666667,0.0,0.0
81,cassius marsh,4.0,0.0,0.0,0.0,0.0,0.0,0.0,0.0,0.0,0.0,0.0,0.0,1.0,6.0,4.0,2.0,0.0,2.0,0.0,0.0
82,cedric johnson,9.0,0.0,0.0,0.0,0.0,0.0,0.0,0.0,0.0,0.0,0.0,0.0,1.0,7.0,5.0,2.0,1.0,4.0,0.0,0.0
83,charles harris,9.5,3.5,0.0,0.0,0.0,0.0,0.5,0.5,0.0,0.0,0.0,0.0,1.25,13.5,10.0,3.5,2.0,4.5,0.0,0.0
84,charles omenihu,12.25,1.75,0.0,0.0,0.0,0.0,1.0,1.0,0.0,0.0,0.0,0.0,3.125,17.75,10.75,7.0,2.25,8.0,0.0,0.0
85,chase winovich,5.5,1.0,0.0,0.0,0.0,0.0,0.5,0.0,0.0,0.0,0.0,0.0,0.5,11.0,7.5,3.5,0.5,1.5,0.0,0.0
86,chase young,12.0,2.6666666666666665,0.0,0.0,0.0,0.0,2.0,0.3333333333333333,0.0,0.0,0.0,0.0,4.333333333333333,20.333333333333332,13.666666666666666,6.666666666666667,5.0,12.333333333333334,0.0,0.0
87,chauncey golston,17.0,3.0,0.0,0.0,0.0,0.0,0.0,1.0,0.0,0.0,0.0,0.0,1.5,25.0,11.0,14.0,1.0,3.0,0.0,0.0
88,chauncey rivers,4.0,0.0,0.0,0.0,0.0,0.0,0.0,0.0,0.0,0.0,0.0,0.0,0.0,2.0,2.0,0.0,0.0,0.0,0.0,0.0
89,chris jones,16.0,16.0,0.0,0.0,0.0,0.0,4.0,0.0,0.0,0.0,0.0,0.0,10.5,30.0,20.0,10.0,13.0,29.0,0.0,8.0
90,chris smith,4.5,0.0,0.0,0.0,0.0,0.0,0.0,0.0,0.0,0.0,0.0,0.0,0.75,5.0,2.0,3.0,0.5,2.0,0.0,0.0
91,chris williams,10.0,0.3333333333333333,0.0,0.0,0.0,0.0,0.0,0.0,0.0,0.0,0.0,0.0,1.0,9.666666666666666,6.666666666666667,3.0,1.0,2.6666666666666665,0.0,0.0
92,chris wormley,6.666666666666667,0.3333333333333333,0.0,0.0,0.0,0.0,0.0,0.3333333333333333,0.0,0.3333333333333333,0.0,0.0,0.16666666666666666,12.333333333333334,5.0,7.333333333333333,1.0,0.3333333333333333,0.0,0.0
93,christian barmore,12.0,2.75,0.0,0.0,0.0,0.0,2.25,0.25,0.0,0.0,0.0,0.0,3.375,34.75,20.0,14.75,4.75,8.25,0.0,0.0
94,christian covington,10.0,1.5,0.0,0.0,0.0,0.0,0.0,0.5,0.0,0.0,0.0,0.0,0.5,32.0,16.5,15.5,2.0,0.5,0.0,0.0
95,christian ringo,8.0,2.0,0.0,0.0,0.0,0.0,0.0,0.5,0.0,0.5,0.0,0.0,0.0,13.5,6.0,7.5,1.0,1.5,0.0,0.0
96,christian wilkins,5.0,5.0,0.0,0.0,0.0,0.0,0.0,0.0,0.0,0.0,0.0,0.0,2.0,17.0,11.0,6.0,2.0,6.0,0.0,0.0
97,christopher hinton,3.0,0.0,0.0,0.0,0.0,0.0,0.0,0.0,0.0,0.0,0.0,0.0,0.0,10.0,4.0,6.0,0.0,0.0,0.0,0.0
98,cj brewer,7.0,0.0,0.0,0.0,0.0,0.0,1.0,0.0,0.0,0.0,0.0,0.0,1.0,7.0,4.5,2.5,1.5,1.5,0.0,0.0
99,clelin ferrell,16.333333333333332,7.0,0.0,0.0,0.0,0.0,1.3333333333333333,0.3333333333333333,0.0,0.3333333333333333,0.0,0.0,2.3333333333333335,22.666666666666668,10.333333333333334,12.333333333333334,3.3333333333333335,9.0,0.0,0.0
100,colby wooden,15.0,0.5,0.0,0.0,0.0,0.0,1.0,0.0,0.0,0.0,0.0,0.0,0.25,18.5,9.5,9.0,1.5,2.0,0.0,0.0
101,cory durden,4.0,0.0,0.0,0.0,0.0,0.0,0.0,0.0,0.0,0.0,0.0,0.0,0.0,3.0,1.0,2.0,0.0,0.0,0.0,0.0
102,da'shawn hand,12.0,0.6666666666666666,0.0,0.0,0.0,0.0,1.3333333333333333,0.3333333333333333,0.0,0.3333333333333333,0.0,0.0,0.6666666666666666,16.666666666666668,9.0,7.666666666666667,2.0,2.3333333333333335,0.0,0.0
103,dalvin tomlinson,16.0,16.0,0.0,0.0,0.0,0.0,0.0,0.0,0.0,0.0,0.0,0.0,3.0,28.0,12.0,16.0,4.0,12.0,0.0,0.0
104,damarcus mitchell,16.0,0.0,0.0,0.0,0.0,0.0,0.0,0.0,0.0,0.0,0.0,0.0,0.0,8.0,3.0,5.0,0.0,0.0,0.0,0.0
105,damion square,8.0,1.0,0.0,0.0,0.0,0.0,0.0,0.0,0.0,0.0,0.0,0.0,0.5,9.0,3.0,6.0,0.0,3.0,0.0,0.0
106,daniel archibong,2.0,0.0,0.0,0.0,0.0,0.0,0.0,0.0,0.0,0.0,0.0,0.0,0.0,2.0,0.0,2.0,0.0,0.0,0.0,0.0
107,daniel ekuale,8.333333333333334,0.0,0.0,0.0,0.0,0.0,0.3333333333333333,0.3333333333333333,0.0,0.0,0.0,0.0,1.3333333333333333,7.333333333333333,5.333333333333333,2.0,1.3333333333333333,1.6666666666666667,0.0,0.0
108,daniel hardy,17.0,0.0,0.0,0.0,0.0,0.0,0.0,1.0,0.0,0.0,0.0,0.0,0.0,12.0,7.0,5.0,0.0,0.0,0.0,0.0
109,daniel wise,8.5,1.0,0.0,0.0,0.0,0.0,0.0,0.0,0.0,0.0,0.0,0.0,0.0,5.5,2.5,3.0,0.5,0.5,0.0,0.0
110,dante fowler,17.0,0.0,0.0,0.0,0.0,0.0,2.5,1.5,0.0,0.0,0.0,0.0,5.0,20.0,15.0,5.0,6.0,8.0,0.0,0.0
111,dante stills,15.5,9.0,0.0,0.0,0.0,0.0,0.5,0.5,0.0,0.5,0.0,0.0,4.0,44.5,19.0,25.5,4.5,5.5,0.0,0.0
112,daquan jones,7.0,7.0,0.0,0.0,0.0,0.0,0.0,0.0,0.0,0.0,0.0,0.0,2.5,16.0,8.0,8.0,4.0,5.0,0.0,0.0
113,darius philon,11.0,2.0,0.0,0.0,0.0,0.0,2.0,0.0,0.0,2.0,2.0,0.0,2.0,27.0,19.0,8.0,5.0,2.0,0.0,0.0
114,darius robinson,6.0,0.0,0.0,0.0,0.0,0.0,0.0,0.0,0.0,0.0,0.0,0.0,1.0,10.0,4.0,6.0,1.0,1.0,0.0,0.0
115,daron payne,17.0,17.0,0.0,0.0,0.0,0.0,4.0,2.0,0.0,2.0,0.0,0.0,4.0,53.0,32.0,21.0,13.0,11.0,0.0,0.0
116,darrell taylor,16.0,0.0,0.0,0.0,0.0,0.0,2.0,2.0,0.0,0.0,0.0,0.0,3.0,32.0,20.0,12.0,3.0,9.0,0.0,0.0
117,darryl johnson,3.5,0.5,0.0,0.0,0.0,0.0,0.0,0.0,0.0,0.0,0.0,0.0,0.0,2.5,1.0,1.5,0.5,0.0,0.0,0.0
118,david bada,2.0,0.0,0.0,0.0,0.0,0.0,0.0,0.0,0.0,0.0,0.0,0.0,0.0,2.0,0.0,2.0,0.0,0.0,0.0,0.0
119,david moa,3.0,0.5,0.0,0.0,0.0,0.0,0.0,0.0,0.0,0.0,0.0,0.0,0.0,2.5,1.5,1.0,0.0,0.0,0.0,0.0
120,david onyemata,14.0,14.0,0.0,0.0,0.0,0.0,3.0,2.0,0.0,0.0,0.0,0.0,4.0,50.0,25.0,25.0,6.0,16.0,0.0,0.0
121,daviyon nixon,7.0,0.0,0.0,0.0,0.0,0.0,0.0,0.0,0.0,0.0,0.0,0.0,0.25,7.5,2.0,5.5,0.0,1.0,0.0,0.0
122,davon godchaux,17.0,17.0,0.0,0.0,0.0,0.0,0.0,0.0,0.0,1.0,0.0,0.0,0.0,56.0,24.0,32.0,2.0,1.0,0.0,0.0
123,davon hamilton,8.0,2.0,0.0,0.0,0.0,0.0,0.0,0.0,0.0,0.0,0.0,0.0,0.0,12.0,7.0,5.0,1.0,0.0,0.0,0.0
124,dawuane smoot,13.0,2.0,0.0,0.0,0.0,0.0,1.5,1.5,0.0,0.5,0.0,0.0,3.25,18.5,13.0,5.5,5.5,8.0,0.0,0.0
125,dayo odeyingbo,14.666666666666666,1.6666666666666667,0.0,0.0,0.0,0.0,0.6666666666666666,1.0,0.0,0.6666666666666666,0.0,0.0,4.5,25.0,15.0,10.0,4.666666666666667,9.666666666666666,0.0,0.0
126,deadrin senat,12.0,0.0,0.0,0.0,0.0,0.0,0.0,0.0,0.0,0.0,0.0,0.0,1.0,17.0,10.0,7.0,2.0,2.0,0.0,0.0
127,dean lowry,10.5,2.5,0.0,0.0,0.0,0.0,1.0,0.0,0.0,0.5,0.0,0.0,0.5,9.5,2.5,7.0,0.0,0.5,0.0,0.0
128,deatrich wise jr,15.5,9.0,0.0,0.0,0.0,0.0,2.0,0.5,0.0,0.0,0.0,0.0,4.75,41.5,19.0,22.5,4.0,7.0,0.0,0.0
129,deforest buckner,15.333333333333334,14.333333333333334,0.0,0.0,0.0,0.0,3.6666666666666665,1.3333333333333333,0.0,0.6666666666666666,8.666666666666666,0.3333333333333333,7.5,72.0,37.666666666666664,34.333333333333336,10.0,19.0,0.0,2.0
130,demarcus lawrence,10.5,10.5,0.0,0.0,0.0,0.0,3.0,1.0,0.0,0.0,0.0,0.0,3.5,32.0,18.0,14.0,7.0,6.5,0.0,3.0
131,demarcus walker,15.666666666666666,6.666666666666667,0.0,0.0,0.0,0.0,0.3333333333333333,0.3333333333333333,0.0,0.0,0.0,0.0,4.166666666666667,31.0,20.333333333333332,10.666666666666666,7.666666666666667,13.0,0.0,0.0
132,demarvin leal,9.333333333333334,2.0,0.0,0.0,0.0,0.0,1.3333333333333333,0.0,0.0,0.0,0.0,0.0,0.3333333333333333,11.0,6.666666666666667,4.333333333333333,1.0,1.0,0.0,0.0
133,demone harris,6.0,0.0,0.0,0.0,0.0,0.0,1.0,0.0,0.0,0.0,0.0,0.0,0.0,7.5,2.0,5.5,0.5,1.0,0.0,0.0
134,denico autry,11.0,5.0,0.0,0.0,0.0,0.0,3.5,1.0,0.0,0.0,0.0,0.0,5.5,20.0,12.5,7.5,5.5,12.5,0.0,0.0
135,derek barnett,15.0,2.5,0.0,0.0,0.0,0.0,0.5,1.0,0.0,1.0,32.0,1.0,3.75,24.0,13.5,10.5,6.5,9.0,0.0,0.0
136,derek rivers,5.0,1.0,0.0,0.0,0.0,0.0,0.0,0.0,0.0,0.0,0.0,0.0,1.0,9.0,7.0,2.0,2.0,1.0,0.0,0.0
137,derick roberson,5.0,0.0,0.0,0.0,0.0,0.0,0.0,0.0,0.0,0.0,0.0,0.0,1.5,11.0,6.0,5.0,3.0,4.0,0.0,0.0
138,derrek tuszka,15.0,0.0,0.0,0.0,0.0,0.0,0.0,1.0,0.0,0.0,0.0,0.0,2.0,18.0,9.0,9.0,1.0,2.0,0.0,0.0
139,derrick brown,9.0,9.0,0.5,1.0,0.0,1.0,3.0,0.0,0.0,0.0,0.0,0.0,1.0,53.0,29.0,24.0,3.5,7.5,0.0,3.0
140,derrick nnadi,17.0,9.0,0.0,0.0,0.0,0.0,0.5,0.0,0.0,0.0,0.0,0.0,0.5,20.0,9.5,10.5,0.5,0.5,0.0,0.0
141,deshawn williams,14.0,5.5,0.0,0.0,0.0,0.0,0.5,0.0,0.0,0.0,0.0,0.0,0.75,24.5,10.5,14.0,1.0,5.5,0.0,0.0
142,desjuan johnson,10.5,0.0,0.0,0.0,0.0,0.0,0.0,0.5,0.0,0.0,0.0,0.0,1.5,10.5,4.5,6.0,1.5,1.5,0.0,0.0
143,devonte wyatt,15.666666666666666,1.6666666666666667,0.0,0.0,0.0,0.0,0.3333333333333333,0.3333333333333333,0.0,1.0,0.0,0.0,4.0,24.666666666666668,14.333333333333334,10.333333333333334,5.0,7.666666666666667,0.0,0.0
144,dewayne carter,11.0,3.0,0.0,0.0,0.0,0.0,1.0,0.0,0.0,0.0,0.0,0.0,0.0,14.0,11.0,3.0,5.0,3.0,0.0,0.0
145,dexter lawrence,16.0,16.0,0.0,0.0,0.0,0.0,2.0,0.0,0.0,0.0,0.0,0.0,4.5,53.0,32.0,21.0,7.0,21.0,0.0,13.0
146,dj coleman,1.0,0.0,0.0,0.0,0.0,0.0,0.0,0.0,0.0,0.0,0.0,0.0,0.0,3.0,1.0,2.0,0.0,0.0,0.0,0.0
147,dj davidson,10.666666666666666,1.3333333333333333,0.0,0.0,0.0,0.0,0.6666666666666666,0.0,0.0,0.6666666666666666,0.0,0.0,0.8333333333333334,13.333333333333334,6.666666666666667,6.666666666666667,1.0,1.0,0.0,0.0
148,dj jones,16.0,16.0,0.0,0.0,0.0,0.0,0.0,3.0,0.0,2.0,14.0,0.0,2.0,46.0,30.0,16.0,5.0,4.0,0.0,0.0
149,dj reader,14.0,14.0,0.0,0.0,0.0,0.0,1.0,0.0,0.0,1.0,0.0,0.0,1.0,34.0,20.0,14.0,2.0,7.0,0.0,0.0
150,domenique davis,2.0,0.0,0.0,0.0,0.0,0.0,0.0,0.0,0.0,0.0,0.0,0.0,0.0,3.0,0.0,3.0,0.0,0.0,0.0,0.0
151,dominique robinson,8.5,0.5,0.0,0.0,0.0,0.0,0.5,0.0,0.0,0.0,0.0,0.0,0.25,9.5,4.5,5.0,0.5,1.0,0.0,0.0
152,donovan jeter,1.0,0.0,0.0,0.0,0.0,0.0,0.0,0.0,0.0,0.0,0.0,0.0,0.0,1.0,1.0,0.0,0.0,0.0,0.0,0.0
153,dorance armstrong jr,17.0,1.0,0.0,0.0,0.0,0.0,1.0,0.0,0.0,0.0,0.0,0.0,7.5,38.0,20.0,18.0,7.0,12.0,0.0,0.0
154,doug costin,1.0,0.0,0.0,0.0,0.0,0.0,0.0,0.0,0.0,0.0,0.0,0.0,0.0,1.0,1.0,0.0,0.0,0.0,0.0,0.0
155,drake jackson,11.5,0.0,0.5,0.0,0.0,0.0,4.5,0.0,0.0,0.0,0.0,0.0,3.0,10.5,6.0,4.5,2.5,4.5,0.0,0.0
156,dre'mont jones,17.0,16.0,0.0,0.0,0.0,0.0,0.0,0.0,0.0,0.0,0.0,0.0,4.5,49.0,26.0,23.0,5.0,12.0,0.0,0.0
157,dylan horton,11.5,0.0,0.0,0.0,0.0,0.0,0.5,0.0,0.0,0.5,0.0,0.0,0.0,14.5,7.0,7.5,1.0,2.0,0.0,0.0
158,earnest brown iv,6.0,1.5,0.0,0.0,0.0,0.0,0.0,0.0,0.0,0.0,0.0,0.0,0.0,7.0,2.5,4.5,0.5,0.0,0.0,0.0
159,ed oliver,16.0,16.0,1.0,0.0,0.0,0.0,3.0,1.0,0.0,0.0,0.0,0.0,9.5,51.0,34.0,17.0,14.0,16.0,0.0,0.0
160,efe obada,9.5,0.5,0.0,0.0,0.0,0.0,0.75,0.0,0.0,0.0,0.0,0.0,1.875,10.5,6.25,4.25,1.75,4.0,0.0,0.0
161,elerson smith,5.0,0.0,0.0,0.0,0.0,0.0,0.0,0.5,0.0,0.0,0.0,0.0,0.0,5.0,1.5,3.5,0.0,1.0,0.0,0.0
162,eli ankou,3.0,0.3333333333333333,0.0,0.0,0.0,0.0,0.0,0.0,0.0,0.0,0.0,0.0,0.3333333333333333,6.0,2.0,4.0,0.3333333333333333,0.3333333333333333,0.0,0.0
163,elijah chatman,17.0,3.0,0.0,0.0,0.0,0.0,0.0,0.0,0.0,1.0,0.0,0.0,1.0,21.0,11.0,10.0,2.0,3.0,0.0,0.0
164,elijah garcia,3.3333333333333335,1.0,0.0,0.0,0.0,0.0,0.0,0.3333333333333333,0.0,0.3333333333333333,0.0,0.0,0.3333333333333333,6.333333333333333,2.3333333333333335,4.0,0.6666666666666666,0.6666666666666666,0.0,0.0
165,emmanuel ogbah,9.0,3.0,0.0,0.0,0.0,0.0,0.0,0.0,0.0,0.0,0.0,0.0,1.0,11.0,7.0,4.0,1.0,7.0,0.0,0.0
166,eric banks,2.0,0.0,0.0,0.0,0.0,0.0,0.0,0.0,0.0,0.0,0.0,0.0,0.0,1.3333333333333333,0.6666666666666666,0.6666666666666666,0.0,0.0,0.0,0.0
167,eric johnson,13.0,0.0,0.0,0.0,0.0,0.0,0.0,0.0,0.0,0.3333333333333333,0.0,0.0,0.3333333333333333,11.666666666666666,3.0,8.666666666666666,0.3333333333333333,1.0,0.0,0.0
168,eric watts,14.0,0.0,0.0,0.0,0.0,0.0,0.0,0.0,0.0,0.0,0.0,0.0,0.0,13.0,7.0,6.0,0.0,0.0,0.0,0.0
169,esezi otomewo,4.5,1.0,0.0,0.0,0.0,0.0,0.0,0.0,0.0,0.5,0.0,0.0,0.25,4.5,1.5,3.0,0.5,1.0,0.0,0.0
170,ethan westbrooks,1.0,0.0,0.0,0.0,0.0,0.0,0.0,0.0,0.0,0.0,0.0,0.0,0.0,1.0,1.0,0.0,0.0,0.0,0.0,0.0
171,evan anderson,12.0,1.0,0.0,0.0,0.0,0.0,0.0,1.0,0.0,1.0,0.0,0.0,1.0,24.0,13.0,11.0,2.0,2.0,0.0,0.0
172,eyioma uwazurike,6.0,0.0,0.0,0.0,0.0,0.0,0.5,0.0,0.0,0.0,0.0,0.0,0.25,14.0,7.0,7.0,0.0,1.5,0.0,0.0
173,felix anudike-uzomah,17.0,1.5,0.0,0.0,0.0,0.0,0.0,1.0,0.0,0.5,0.0,0.0,1.5,20.5,12.0,8.5,4.0,7.0,0.0,0.0
174,forrest merrill,4.0,0.0,0.0,0.0,0.0,0.0,0.0,0.0,0.0,0.0,0.0,0.0,0.0,4.0,2.0,2.0,0.0,0.0,0.0,0.0
175,frank clark,8.0,0.0,0.0,0.0,0.0,0.0,0.0,0.0,0.0,0.0,0.0,0.0,0.0,8.0,4.0,4.0,0.0,0.0,0.0,0.0
176,frank herron,1.0,0.0,0.0,0.0,0.0,0.0,0.0,0.0,0.0,0.0,0.0,0.0,0.0,1.0,1.0,0.0,0.0,0.0,0.0,0.0
177,freedom akinmoladun,1.0,0.0,0.0,0.0,0.0,0.0,0.0,0.0,0.0,0.0,0.0,0.0,0.0,2.0,2.0,0.0,0.0,0.0,0.0,0.0
178,george karlaftis iii,16.0,16.0,0.0,0.0,0.0,0.0,3.0,1.0,0.0,0.0,0.0,0.0,10.5,47.0,29.0,18.0,7.0,17.0,0.0,0.0
179,gervon dexter,17.0,1.0,0.0,0.0,0.0,0.0,2.0,0.0,0.0,0.0,0.0,0.0,2.5,20.0,13.0,7.0,0.0,12.0,0.0,0.0
180,grady jarrett,8.0,8.0,0.0,0.0,0.0,0.0,2.0,0.0,0.0,0.0,0.0,0.0,1.5,23.0,9.0,14.0,2.0,8.0,0.0,0.0
181,greg gaines,16.0,2.5,0.0,0.0,0.0,0.0,0.0,0.0,0.0,0.5,0.0,0.0,1.0,20.5,7.0,13.5,1.0,4.5,0.0,0.0
182,gregory rousseau,16.0,16.0,0.0,0.0,0.0,0.0,4.0,1.0,0.0,1.0,0.0,0.0,5.0,42.0,30.0,12.0,12.0,18.0,0.0,0.0
183,grover stewart,11.0,11.0,0.0,0.0,0.0,0.0,0.0,0.0,0.0,0.0,0.0,0.0,0.5,41.0,23.0,18.0,5.0,8.0,0.0,0.0
184,harrison phillips,17.0,17.0,0.0,0.0,0.0,0.0,2.0,0.0,0.0,0.0,0.0,0.0,3.0,92.0,44.0,48.0,2.0,6.0,0.0,0.0
185,harvey langi,7.0,1.0,0.0,0.0,0.0,0.0,0.0,0.0,0.0,0.0,0.0,0.0,0.0,3.0,1.0,2.0,0.0,0.0,0.0,0.0
186,hassan ridgeway,10.0,1.0,0.0,0.0,0.0,0.0,0.0,0.5,0.0,0.0,0.0,0.0,1.0,13.0,5.5,7.5,0.5,2.5,0.0,0.0
187,henry anderson,7.5,0.0,0.0,0.0,0.0,0.0,0.0,0.0,0.0,0.0,0.0,0.0,0.0,10.5,6.0,4.5,1.5,0.5,0.0,0.0
188,henry mondeaux,13.0,3.0,0.0,0.0,0.0,0.0,0.0,0.0,0.0,0.5,0.0,0.0,1.0,16.0,5.5,10.5,1.5,1.0,0.0,0.0
189,ifeadi odenigbo,11.5,0.0,0.0,0.0,0.0,0.0,0.0,0.0,0.0,0.5,0.0,0.0,1.75,15.5,8.0,7.5,2.0,4.5,0.0,0.0
190,isaac rochell,8.666666666666666,0.6666666666666666,0.0,0.0,0.0,0.0,0.0,0.0,0.0,0.0,0.0,0.0,0.0,13.0,9.333333333333334,3.6666666666666665,1.0,1.6666666666666667,0.0,0.0
191,isaac ukwu,2.0,1.0,0.0,0.0,0.0,0.0,0.0,0.0,0.0,0.0,0.0,0.0,0.0,3.0,2.0,1.0,0.0,0.0,0.0,0.0
192,isaiah buggs,10.0,3.0,0.0,0.0,0.0,0.0,1.0,0.0,0.0,1.0,33.0,0.0,1.0,12.0,7.0,5.0,2.0,1.0,0.0,0.0
193,isaiah foskey,13.5,0.0,0.0,0.0,0.0,0.0,0.5,0.0,0.0,0.0,0.0,0.0,0.0,12.5,4.5,8.0,0.0,0.0,0.0,0.0
194,isaiah land,10.0,0.0,0.0,0.0,0.0,0.0,0.0,0.0,0.0,0.0,0.0,0.0,0.0,1.0,1.0,0.0,1.0,1.0,0.0,0.0
195,isaiah mack,2.0,0.0,0.0,0.0,0.0,0.0,0.0,0.0,0.0,0.0,0.0,0.0,1.0,3.0,1.0,2.0,1.0,1.0,0.0,0.0
196,isaiah mcguire,10.0,2.0,0.0,0.0,0.0,0.0,0.0,1.5,0.0,0.0,0.0,0.0,1.75,21.0,11.5,9.5,5.0,5.5,0.0,0.0
197,isaiah thomas,6.0,0.0,0.0,0.0,0.0,0.0,1.0,0.0,0.0,1.0,0.0,0.0,0.5,6.0,2.0,4.0,0.5,1.0,0.0,0.0
198,isaiahh loudermilk,14.5,1.25,0.0,0.0,0.0,0.0,1.5,0.0,0.0,0.0,0.0,0.0,0.25,15.75,9.5,6.25,0.25,0.25,0.0,0.0
199,jabaal sheard,1.0,0.0,0.0,0.0,0.0,0.0,0.0,0.0,0.0,0.0,0.0,0.0,0.0,1.0,0.0,1.0,0.0,0.0,0.0,0.0
200,jabari zuniga,2.0,0.0,0.0,0.0,0.0,0.0,0.0,0.5,0.0,0.0,0.0,0.0,0.5,2.5,1.5,1.0,0.0,0.5,0.0,0.0
201,jack heflin,2.5,0.0,0.0,0.0,0.0,0.0,0.0,0.0,0.0,0.0,0.0,0.0,0.0,1.0,0.0,1.0,0.0,0.0,0.0,0.0
202,jacob martin,13.666666666666666,0.0,0.0,0.0,0.0,0.0,0.3333333333333333,0.3333333333333333,0.0,0.0,0.0,0.0,2.5,12.0,7.0,5.0,2.0,4.666666666666667,0.0,0.0
203,jacob tuioti-mariner,6.0,0.0,0.0,0.0,0.0,0.0,1.0,0.0,0.0,0.0,0.0,0.0,2.0,9.0,5.0,4.0,2.0,2.0,0.0,0.0
204,jaden crumedy,5.0,0.0,0.0,0.0,0.0,0.0,0.0,0.0,0.0,0.0,0.0,0.0,0.5,13.0,4.0,9.0,0.0,1.0,0.0,0.0
205,jaleel johnson,11.0,1.6666666666666667,0.0,0.0,0.0,0.0,0.0,0.0,0.0,0.6666666666666666,0.0,0.0,0.6666666666666666,20.666666666666668,11.0,9.666666666666666,0.6666666666666666,1.3333333333333333,0.0,0.0
206,jalen carter,16.0,1.0,0.0,0.0,0.0,0.0,0.0,2.0,0.0,1.0,42.0,1.0,6.0,33.0,20.0,13.0,8.0,9.0,0.0,4.0
207,jalen dalton,7.0,0.0,0.0,0.0,0.0,0.0,0.0,0.0,0.0,0.0,0.0,0.0,0.0,13.0,8.0,5.0,1.0,0.0,0.0,0.0
208,jalen harris,5.0,0.0,0.0,0.0,0.0,0.0,1.0,0.0,0.0,0.0,0.0,0.0,0.0,6.0,5.0,1.0,0.0,1.0,0.0,0.0
209,jalen redmond,13.0,2.0,0.0,0.0,0.0,0.0,2.0,0.0,0.0,0.0,0.0,0.0,1.0,18.0,10.0,8.0,6.0,1.0,0.0,0.0
210,jalyn holmes,7.5,0.25,0.0,0.0,0.0,0.0,0.25,0.0,0.0,0.0,0.0,0.0,0.75,10.0,5.5,4.5,2.25,1.0,0.0,0.0
211,james lynch,15.0,1.0,0.0,0.0,0.0,0.0,0.6666666666666666,0.0,0.0,0.3333333333333333,0.0,0.0,0.6666666666666666,23.333333333333332,11.666666666666666,11.666666666666666,1.6666666666666667,1.0,0.0,0.0
212,james smith-williams,11.5,6.0,0.0,0.0,0.0,0.0,0.0,0.0,0.0,0.0,0.0,0.0,1.0,23.0,11.5,11.5,4.5,5.0,0.0,0.0
213,janarius robinson,8.0,1.5,0.0,0.0,0.0,0.0,0.5,0.0,0.0,0.0,0.0,0.0,0.75,6.5,3.5,3.0,0.5,2.0,0.0,0.0
214,jaquelin roy,9.0,1.0,0.0,0.0,0.0,0.0,0.0,0.0,0.0,0.0,0.0,0.0,1.0,12.5,7.5,5.0,2.0,1.5,0.0,0.0
215,jarran reed,16.0,16.0,0.0,0.0,0.0,0.0,2.0,1.0,0.0,1.0,0.0,0.0,7.0,54.0,27.0,27.0,7.0,12.0,0.0,0.0
216,jason pierre-paul,1.0,0.0,0.0,0.0,0.0,0.0,0.0,0.0,0.0,0.0,0.0,0.0,0.0,2.0,1.0,1.0,0.0,0.0,0.0,0.0
217,javon hargrave,9.5,9.5,0.0,0.0,0.0,0.0,1.0,0.0,0.0,0.0,0.0,0.0,4.0,25.5,14.5,11.0,4.5,7.5,0.0,3.0
218,javon kinlaw,10.5,5.0,0.0,0.0,0.0,0.0,1.5,0.0,0.0,0.0,0.0,0.0,1.75,16.5,7.0,9.5,2.0,3.5,0.0,0.0
219,javon solomon,14.0,0.0,0.0,0.0,0.0,0.0,0.0,1.0,0.0,1.0,0.0,0.0,2.0,13.0,9.0,4.0,3.0,6.0,0.0,0.0
220,javontae jean-baptiste,12.0,1.0,0.0,0.0,0.0,0.0,0.0,0.0,0.0,0.0,0.0,0.0,1.0,13.0,6.0,7.0,1.0,2.0,0.0,0.0
221,jay tufele,8.5,1.25,0.0,0.0,0.0,0.0,0.25,0.0,0.0,0.0,0.0,0.0,0.125,11.0,4.0,7.0,0.75,1.0,0.0,0.0
222,jayden peevy,4.0,0.0,0.0,0.0,0.0,0.0,1.0,1.0,0.0,0.0,0.0,0.0,1.5,6.0,2.0,4.0,1.0,3.0,0.0,0.0
223,jaylon ferguson,10.0,0.0,0.0,0.0,0.0,0.0,0.0,0.0,0.0,0.0,0.0,0.0,0.0,6.0,3.0,3.0,0.0,3.0,0.0,0.0
224,jeff gunter,10.0,0.0,0.0,0.0,0.0,0.0,0.0,0.0,0.0,0.0,0.0,0.0,0.0,1.0,0.0,1.0,0.0,0.0,0.0,0.0
225,jeffery simmons,15.0,15.0,0.0,0.0,0.0,0.0,4.5,1.0,0.0,0.75,0.5,0.0,6.625,57.0,34.5,22.5,10.5,12.5,0.0,7.0
226,jeremiah ledbetter,16.0,2.5,0.0,0.0,0.0,0.0,0.5,0.0,0.0,0.5,0.0,0.0,1.0,31.0,13.5,17.5,4.5,2.5,0.0,0.0
227,jeremiah pharms,14.0,2.5,0.0,0.0,0.0,0.0,0.0,0.0,0.0,0.5,0.0,0.0,1.0,21.0,10.0,11.0,2.0,2.5,0.0,0.0
228,jermaine johnson ii,14.0,0.0,0.0,0.0,0.0,0.0,0.0,0.0,0.0,0.0,0.0,0.0,2.5,29.0,18.0,11.0,3.0,5.0,1.0,0.0
229,jerry hughes,12.0,1.0,0.0,0.0,0.0,0.0,0.0,0.5,0.0,0.0,0.0,0.0,1.5,18.5,13.0,5.5,2.0,1.5,0.0,0.0
230,jerry tillery,15.0,4.0,0.0,0.0,0.0,0.0,0.0,1.0,0.0,0.0,0.0,0.0,1.0,18.0,13.0,5.0,0.0,4.0,0.0,0.0
231,jessie lemonier,7.0,2.0,0.0,0.0,0.0,0.0,0.0,0.0,0.0,0.0,0.0,0.0,1.5,15.0,8.0,7.0,1.0,3.0,0.0,0.0
232,jihad ward,17.0,1.0,0.0,0.0,0.0,0.0,0.0,0.0,0.0,0.0,0.0,0.0,2.0,32.0,10.0,22.0,3.0,7.0,0.0,0.0
233,joe gaziano,6.0,0.25,0.0,0.0,0.0,0.0,0.25,0.0,0.0,0.0,0.0,0.0,0.25,6.5,4.25,2.25,0.5,0.75,0.0,0.0
234,joe jackson,12.0,0.0,0.0,0.0,0.0,0.0,0.0,0.0,0.0,0.0,0.0,0.0,1.5,16.0,9.0,7.0,3.0,3.0,0.0,0.0
235,john cominsky,10.0,5.5,0.0,0.0,0.0,0.0,0.5,0.0,0.0,0.0,0.0,0.0,1.0,19.0,8.0,11.0,1.5,4.0,0.0,0.0
236,john franklin-myers,17.0,17.0,0.0,0.0,0.0,0.0,3.0,0.0,0.0,0.0,0.0,0.0,3.5,33.0,15.0,18.0,6.0,14.0,0.0,0.0
237,john jenkins,13.333333333333334,6.333333333333333,0.0,0.0,0.0,0.0,1.3333333333333333,0.0,0.0,0.3333333333333333,14.666666666666666,0.3333333333333333,0.3333333333333333,32.333333333333336,14.0,18.333333333333332,1.3333333333333333,1.0,0.0,0.0
238,john penisini,16.0,0.0,0.0,0.0,0.0,0.0,1.0,0.0,0.0,0.0,0.0,0.0,0.0,14.0,4.0,10.0,0.0,1.0,0.0,0.0
239,john ridgeway,15.0,2.0,0.0,0.0,0.0,0.0,1.0,0.3333333333333333,0.0,0.0,0.0,0.0,0.0,23.333333333333332,11.0,12.333333333333334,0.3333333333333333,0.0,0.0,0.0
240,johnathan hankins,13.666666666666666,8.666666666666666,0.3333333333333333,0.0,0.0,0.0,1.3333333333333333,0.0,0.0,0.0,0.0,0.0,1.3333333333333333,25.666666666666668,11.666666666666666,14.0,2.6666666666666665,2.0,0.0,0.0
241,jonah laulu,17.0,7.0,0.0,0.0,0.0,0.0,3.0,0.0,0.0,0.0,0.0,0.0,1.0,35.0,15.0,20.0,3.0,2.0,0.0,0.0
242,jonah williams,11.75,5.5,0.0,0.0,0.0,0.0,0.25,0.0,0.0,0.0,0.0,0.0,0.625,20.0,8.25,11.75,1.25,2.0,0.0,0.0
243,jonathan allen,12.0,11.5,0.0,0.0,0.0,0.0,0.5,0.0,0.0,0.0,0.0,0.0,4.25,36.0,23.0,13.0,6.5,13.0,0.0,0.0
244,jonathan bullard,13.0,9.0,0.0,0.0,0.0,0.0,0.5,0.5,0.0,0.0,0.0,0.0,1.0,32.5,16.0,16.5,1.5,1.5,0.0,0.0
245,jonathan ford,4.0,0.0,0.0,0.0,0.0,0.0,0.0,0.0,0.0,0.0,0.0,0.0,0.0,9.0,3.0,6.0,1.0,0.0,0.0,0.0
246,jonathan garvin,15.0,0.5,0.0,0.0,0.0,0.0,1.0,0.0,0.0,0.0,0.0,0.0,0.75,13.5,7.5,6.0,0.5,3.5,0.0,0.0
247,jonathan greenard,8.0,4.0,1.0,39.0,1.0,39.0,1.0,0.0,0.0,1.0,0.0,0.0,1.5,16.0,9.0,7.0,6.0,4.0,0.0,0.0
248,jonathan harris,8.75,2.25,0.0,0.0,0.0,0.0,0.0,0.0,0.0,0.25,0.0,0.0,0.25,20.75,12.5,8.25,1.75,1.75,0.0,0.0
249,jonathan ledbetter,13.0,7.5,0.0,0.0,0.0,0.0,0.0,0.0,0.0,0.0,0.0,0.0,1.25,34.0,15.5,18.5,1.5,3.0,0.0,0.0
250,jonathan marshall,4.0,0.0,0.0,0.0,0.0,0.0,0.0,0.0,0.0,0.0,0.0,0.0,0.0,2.0,1.0,1.0,0.0,1.0,0.0,0.0
251,jordan davis,15.0,11.0,0.0,0.0,0.0,0.0,1.0,0.5,0.0,0.0,0.0,0.0,1.25,31.5,13.0,18.5,1.5,2.5,0.0,0.0
252,jordan elliott,16.5,8.5,0.0,0.0,0.0,0.0,1.0,0.0,0.0,0.0,0.0,0.0,1.5,23.5,12.0,11.5,1.5,3.5,0.0,0.0
253,jordan jackson,17.0,0.0,0.0,0.0,0.0,0.0,0.0,1.0,0.0,0.0,0.0,0.0,1.0,17.0,4.0,13.0,1.0,2.0,0.0,0.0
254,jordan jefferson,8.0,0.0,0.0,0.0,0.0,0.0,1.0,0.0,0.0,0.0,0.0,0.0,1.0,12.0,5.0,7.0,1.0,1.0,0.0,0.0
255,jordan phillips,11.666666666666666,3.3333333333333335,0.3333333333333333,0.6666666666666666,0.0,0.6666666666666666,2.6666666666666665,0.0,0.0,0.0,0.0,0.0,1.3333333333333333,13.666666666666666,7.666666666666667,6.0,1.6666666666666667,4.333333333333333,0.0,0.0
256,jordan willis,9.0,0.0,0.0,0.0,0.0,0.0,0.0,1.0,0.0,1.0,0.0,0.0,2.0,12.0,6.0,6.0,3.0,4.0,0.0,0.0
257,jordon riley,10.5,2.5,0.0,0.0,0.0,0.0,0.0,0.0,0.0,0.0,0.0,0.0,0.0,10.0,5.5,4.5,2.0,0.5,0.0,0.0
258,joseph ossai,15.666666666666666,1.0,0.0,0.0,0.0,0.0,1.0,0.6666666666666666,0.0,0.6666666666666666,0.0,0.3333333333333333,3.1666666666666665,24.333333333333332,12.666666666666666,11.666666666666666,2.3333333333333335,10.666666666666666,0.0,0.0
259,josh mauro,5.0,1.0,0.0,0.0,0.0,0.0,0.0,0.0,0.0,0.0,0.0,0.0,1.0,3.0,1.0,2.0,1.0,1.0,0.0,0.0
260,josh paschal,11.0,4.0,0.0,0.0,0.0,0.0,0.5,0.0,0.0,0.5,0.0,0.0,1.5,20.5,13.5,7.0,3.5,3.5,0.0,0.0
261,josh sweat,17.0,17.0,0.0,0.0,0.0,0.0,1.0,2.0,0.0,0.0,0.0,0.0,6.5,43.0,30.0,13.0,7.0,23.0,0.0,0.0
262,josh tupou,15.5,5.0,0.0,0.0,0.0,0.0,0.0,0.0,0.0,0.0,0.0,0.0,0.0,15.5,5.5,10.0,0.5,1.0,0.0,0.0
263,joshua pryor,7.0,0.0,0.0,0.0,0.0,0.0,0.0,0.0,0.0,0.0,0.0,0.0,0.0,1.0,1.0,0.0,0.0,0.0,0.0,0.0
264,joshua uche,13.0,1.0,0.0,0.0,0.0,0.0,0.0,0.0,0.0,0.0,0.0,0.0,2.0,23.0,17.0,6.0,2.0,3.0,0.0,0.0
265,josiah bronson,7.0,0.0,0.0,0.0,0.0,0.0,0.0,0.0,0.0,0.0,0.0,0.0,0.0,12.0,8.0,4.0,1.0,1.0,0.0,0.0
266,jowon briggs,6.0,0.0,0.0,0.0,0.0,0.0,0.0,0.0,0.0,1.0,0.0,0.0,0.0,13.0,3.0,10.0,1.0,2.0,0.0,0.0
267,justin eboigbe,5.0,0.0,0.0,0.0,0.0,0.0,0.0,0.0,0.0,0.0,0.0,0.0,0.0,2.0,1.0,1.0,0.0,0.0,0.0,0.0
268,justin ellis,17.0,4.0,0.0,0.0,0.0,0.0,0.0,0.0,0.0,0.0,0.0,0.0,1.0,22.0,5.0,17.0,2.0,1.0,0.0,0.0
269,justin hamilton,9.0,0.0,0.0,0.0,0.0,0.0,0.0,0.0,0.0,0.0,0.0,0.0,0.0,10.0,6.0,4.0,1.0,2.0,0.0,0.0
270,justin jones,3.0,3.0,0.0,0.0,0.0,0.0,0.0,0.0,0.0,1.0,0.0,0.0,0.0,4.0,3.0,1.0,1.0,1.0,0.0,0.0
271,justin lawler,3.0,0.0,0.0,0.0,0.0,0.0,0.0,0.0,0.0,0.0,0.0,0.0,0.0,1.0,0.0,1.0,0.0,0.0,0.0,0.0
272,justin zimmer,6.0,0.0,0.0,0.0,0.0,0.0,0.0,0.0,0.0,0.0,0.0,0.0,1.0,8.0,2.0,6.0,2.0,4.0,0.0,0.0
273,k'lavon chaisson,15.0,4.0,1.0,0.0,0.0,0.0,2.0,1.0,0.0,0.0,0.0,0.0,5.0,32.0,19.0,13.0,7.0,8.0,0.0,0.0
274,kahlil mckenzie,5.0,0.0,0.0,0.0,0.0,0.0,0.0,0.0,0.0,0.0,0.0,0.0,0.0,4.0,1.0,3.0,0.0,0.0,0.0,0.0
275,kalia davis,8.0,0.0,0.5,1.0,0.0,1.0,0.5,0.0,0.0,0.0,0.0,0.0,0.5,6.5,3.5,3.0,0.5,0.5,0.0,0.0
276,kameron cline,3.0,0.0,0.0,0.0,0.0,0.0,0.0,0.0,0.0,0.0,0.0,0.0,0.0,1.0,1.0,0.0,0.0,0.0,0.0,0.0
277,karl brooks,17.0,0.0,0.0,0.0,0.0,0.0,3.0,1.0,0.0,2.5,0.0,0.0,3.75,22.0,13.0,9.0,5.0,5.5,0.0,0.0
278,keeanu benton,17.0,9.0,0.0,0.0,0.0,0.0,2.0,2.0,0.0,0.0,0.0,0.0,1.0,36.0,16.0,20.0,1.0,8.0,0.0,0.0
279,keion white,16.0,4.0,0.0,0.0,0.0,0.0,3.0,0.0,0.0,0.0,0.0,0.0,1.0,26.0,12.0,14.0,3.0,5.0,0.0,0.0
280,kemoko turay,3.0,0.0,0.0,0.0,0.0,0.0,0.0,0.0,0.0,0.0,0.0,0.0,0.0,1.0,1.0,0.0,0.0,0.0,0.0,0.0
281,kendal vickers,3.6666666666666665,0.0,0.0,0.0,0.0,0.0,0.0,0.0,0.0,0.0,0.0,0.0,0.0,4.666666666666667,2.0,2.6666666666666665,0.0,0.0,0.0,0.0
282,kenny clark,17.0,17.0,0.0,0.0,0.0,0.0,3.0,2.0,0.0,0.0,0.0,0.0,7.5,44.0,22.0,22.0,9.0,16.0,0.0,6.0
283,kenny willekes,6.0,0.0,0.0,0.0,0.0,0.0,1.0,0.0,0.0,0.0,0.0,0.0,2.5,18.0,11.0,7.0,2.0,7.0,0.0,0.0
284,kentavius street,15.0,2.0,0.0,0.0,0.0,0.0,0.5,0.25,0.0,0.25,0.0,0.0,2.125,22.25,12.0,10.25,4.75,3.75,0.0,0.0
285,keondre coburn,15.0,1.0,0.0,0.0,0.0,0.0,0.0,0.0,0.0,0.0,0.0,0.0,0.0,14.0,7.0,7.0,0.0,0.0,0.0,0.0
286,kerry hyder,11.0,0.5,0.0,0.0,0.0,0.0,1.5,0.0,0.0,0.5,0.0,0.0,1.0,11.0,6.5,4.5,1.5,2.5,0.0,0.0
287,kevin givens,12.666666666666666,0.6666666666666666,0.0,0.0,0.0,0.0,0.3333333333333333,0.3333333333333333,0.0,0.3333333333333333,0.0,0.0,1.6666666666666667,16.666666666666668,8.333333333333334,8.333333333333334,2.0,4.0,0.0,0.0
288,kevin strong,11.0,0.5,0.0,0.0,0.0,0.0,1.0,0.0,0.0,0.0,0.0,0.0,0.0,14.5,9.0,5.5,0.0,0.0,0.0,0.0
289,khalen saunders,13.333333333333334,5.666666666666667,0.0,0.0,0.0,0.0,0.6666666666666666,0.0,0.0,0.0,0.0,0.0,1.1666666666666667,37.666666666666664,16.0,21.666666666666668,1.3333333333333333,3.3333333333333335,0.0,0.0
290,khalid kareem,4.0,0.3333333333333333,0.0,0.0,0.0,0.0,0.3333333333333333,0.3333333333333333,0.0,0.3333333333333333,1.3333333333333333,0.0,0.0,3.6666666666666665,2.0,1.6666666666666667,0.3333333333333333,1.6666666666666667,0.0,0.0
291,khalil davis,13.5,0.5,0.0,0.0,0.0,0.0,1.0,0.5,0.0,0.5,0.0,0.0,1.5,22.0,11.5,10.5,5.0,4.0,0.0,0.0
292,khristian boyd,6.0,0.0,0.0,0.0,0.0,0.0,0.0,0.0,0.0,0.0,0.0,0.0,0.0,3.0,2.0,1.0,0.0,0.0,0.0,0.0
293,khyiris tonga,13.25,1.75,0.0,0.0,0.0,0.0,1.0,0.0,0.0,0.25,0.0,0.0,0.125,22.25,9.25,13.0,0.75,1.0,0.0,0.0
294,kingsley enagbare,17.0,7.0,0.0,0.0,0.0,0.0,0.0,2.0,0.0,0.0,0.0,0.0,4.5,39.0,18.0,21.0,6.0,8.0,0.0,0.0
295,kingsley jonathan,9.5,0.0,0.0,0.0,0.0,0.0,0.0,0.0,0.0,0.0,0.0,0.0,0.0,5.0,2.5,2.5,0.5,1.0,0.0,0.0
296,kj henry,6.0,1.5,0.0,0.0,0.0,0.0,1.0,0.0,0.0,0.0,0.0,0.0,1.25,11.0,7.5,3.5,2.5,1.5,0.0,0.0
297,kurt hinish,14.0,1.3333333333333333,0.0,0.0,0.0,0.0,0.3333333333333333,0.0,0.0,0.0,0.0,0.0,0.5,19.0,9.0,10.0,3.3333333333333335,1.3333333333333333,0.0,0.0
298,kwity paye,16.0,16.0,0.0,0.0,0.0,0.0,0.0,2.0,0.0,2.0,-5.0,0.0,8.5,52.0,31.0,21.0,8.0,9.0,0.0,0.0
299,kyle peko,8.5,3.5,0.0,0.0,0.0,0.0,0.5,0.25,0.0,0.0,0.0,0.0,0.5,11.25,6.25,5.0,1.25,1.75,0.0,0.0
300,kyle phillips,6.0,0.5,0.0,0.0,0.0,0.0,0.0,0.0,0.0,0.0,0.0,0.0,0.5,9.0,3.5,5.5,1.0,1.5,0.0,0.0
301,labryan ray,17.0,1.0,0.0,0.0,0.0,0.0,0.0,0.0,0.0,0.0,0.0,0.0,0.0,19.0,7.0,12.0,0.0,0.0,0.0,0.0
302,lacale london,7.0,0.0,0.0,0.0,0.0,0.0,0.0,0.0,0.0,1.0,0.0,0.0,0.0,13.0,6.0,7.0,2.0,0.0,0.0,0.0
303,laiatu latu,17.0,1.0,0.0,0.0,0.0,0.0,1.0,3.0,0.0,1.0,0.0,0.0,4.0,32.0,16.0,16.0,5.0,12.0,0.0,3.0
304,larrell murchison,11.333333333333334,2.6666666666666665,0.0,0.0,0.0,0.0,0.0,0.0,0.0,0.0,0.0,0.0,0.6666666666666666,10.666666666666666,5.666666666666667,5.0,1.3333333333333333,0.6666666666666666,0.0,0.0
305,larry ogunjobi,17.0,17.0,0.0,0.0,0.0,0.0,2.0,1.0,0.0,2.0,0.0,0.0,3.0,43.0,21.0,22.0,3.0,8.0,0.0,0.0
306,lawrence guy,4.0,2.0,0.0,0.0,0.0,0.0,0.0,0.0,0.0,0.0,0.0,0.0,0.0,2.0,0.0,2.0,0.0,0.0,0.0,0.0
307,leki fotu,10.0,4.333333333333333,0.0,0.0,0.0,0.0,1.0,0.3333333333333333,0.0,0.0,0.0,0.0,0.8333333333333334,16.666666666666668,8.0,8.666666666666666,2.3333333333333335,0.6666666666666666,0.0,0.0
308,leonard taylor,14.0,0.0,0.0,0.0,0.0,0.0,1.0,0.0,0.0,0.0,0.0,0.0,1.5,24.0,13.0,11.0,4.0,4.0,0.0,0.0
309,levi drake rodriguez,2.0,0.0,0.0,0.0,0.0,0.0,1.0,0.0,0.0,0.0,0.0,0.0,0.0,1.0,1.0,0.0,0.0,0.0,0.0,0.0
310,levi onwuzurike,14.0,3.3333333333333335,0.0,0.0,0.0,0.0,0.6666666666666666,0.3333333333333333,0.0,0.0,0.0,0.0,1.1666666666666667,22.666666666666668,11.666666666666666,11.0,1.3333333333333333,5.333333333333333,0.0,0.0
311,linval joseph,12.0,0.0,0.0,0.0,0.0,0.0,0.0,0.5,0.0,0.0,0.0,0.0,1.5,15.5,8.0,7.5,1.5,2.0,0.0,0.0
312,lj collier,6.333333333333333,0.3333333333333333,0.0,0.0,0.0,0.0,1.0,0.0,0.0,0.0,0.0,0.0,0.0,5.666666666666667,2.6666666666666665,3.0,0.6666666666666666,2.0,0.0,0.0
313,logan hall,16.5,6.5,0.0,0.0,0.0,0.0,1.0,0.0,0.0,1.0,0.0,0.0,1.5,17.0,9.0,8.0,3.5,3.5,0.0,0.0
314,lukas van ness,17.0,0.0,0.0,0.0,0.0,0.0,0.0,1.0,0.0,1.0,0.0,0.0,3.0,33.0,22.0,11.0,6.0,6.0,0.0,0.0
315,maason smith,11.0,5.0,0.0,0.0,0.0,0.0,3.0,0.0,0.0,0.0,0.0,0.0,3.0,17.0,10.0,7.0,3.0,4.0,0.0,0.0
316,malcolm koonce,17.0,11.0,0.0,0.0,0.0,0.0,0.0,3.0,0.0,0.0,0.0,0.0,8.0,43.0,32.0,11.0,9.0,17.0,0.0,0.0
317,malcolm roach,12.25,1.5,0.25,1.25,0.0,1.25,1.5,0.25,0.0,0.25,0.0,0.0,0.875,29.25,12.25,17.0,2.5,3.25,0.0,0.0
318,maliek collins,16.0,16.0,0.0,0.0,0.0,0.0,1.0,0.0,0.0,0.0,0.0,0.0,5.0,41.0,19.0,22.0,8.0,18.0,0.0,0.0
319,malik herring,8.666666666666666,0.3333333333333333,0.0,0.0,0.0,0.0,0.3333333333333333,0.3333333333333333,0.0,0.3333333333333333,0.0,0.0,0.5,9.333333333333334,5.0,4.333333333333333,1.0,2.0,0.0,0.0
320,manny jones,4.0,0.0,0.0,0.0,0.0,0.0,0.0,0.0,0.0,0.0,0.0,0.0,0.0,6.0,2.0,4.0,0.0,0.0,0.0,0.0
321,marcus davenport,3.0,2.0,0.0,0.0,0.0,0.0,0.0,0.0,0.0,0.0,0.0,0.0,1.25,4.5,2.0,2.5,1.0,4.0,0.0,0.0
322,margus hunt,10.0,0.0,0.0,0.0,0.0,0.0,0.0,0.0,0.0,0.0,0.0,0.0,0.0,14.0,6.0,8.0,3.0,0.0,0.0,0.0
323,mario addison,14.5,0.5,0.0,0.0,0.0,0.0,0.5,1.5,0.0,0.0,0.0,0.0,4.0,22.0,13.0,9.0,4.5,4.5,0.0,0.0
324,mario edwards,13.25,5.25,0.0,0.0,0.0,0.0,1.25,0.25,0.0,0.5,0.0,0.0,2.5,19.25,10.0,9.25,3.25,7.5,0.0,0.0
325,marlon davidson,8.0,2.0,0.5,1.5,0.5,1.5,0.5,0.0,0.0,0.5,0.0,0.0,1.0,15.5,9.0,6.5,1.5,1.0,0.0,0.0
326,marlon tuipulotu,7.5,0.5,0.0,0.0,0.0,0.0,0.0,0.0,0.0,0.25,0.0,0.0,0.75,11.75,6.0,5.75,1.25,1.0,0.0,0.0
327,marquan mccall,16.0,0.0,0.0,0.0,0.0,0.0,0.0,0.0,0.0,0.0,0.0,0.0,0.0,15.0,7.0,8.0,2.0,1.0,0.0,0.0
328,marquise copeland,8.333333333333334,3.0,0.0,0.0,0.0,0.0,0.0,0.0,0.0,0.0,0.0,0.0,0.3333333333333333,14.0,7.0,7.0,1.0,0.6666666666666666,0.0,0.0
329,marquiss spencer,1.0,0.0,0.0,0.0,0.0,0.0,0.0,0.0,0.0,0.0,0.0,0.0,0.0,1.0,0.0,1.0,0.0,0.0,0.0,0.0
330,marshawn kneeland,11.0,1.0,0.0,0.0,0.0,0.0,1.0,0.0,0.0,1.0,0.0,0.0,0.0,14.0,9.0,5.0,2.0,3.0,0.0,0.0
331,marvin wilson,1.0,0.0,0.0,0.0,0.0,0.0,0.0,0.0,0.0,0.0,0.0,0.0,0.0,3.5,1.5,2.0,0.0,0.0,0.0,0.0
332,matt dickerson,9.0,0.0,0.0,0.0,0.0,0.0,0.0,0.0,0.0,0.0,0.0,0.0,0.0,13.5,5.0,8.5,1.0,0.5,0.0,0.0
333,matt henningsen,17.0,0.0,0.0,0.0,0.0,0.0,1.0,0.0,0.0,0.0,0.0,0.0,0.5,20.0,9.0,11.0,1.0,1.0,0.0,0.0
334,matthew butler,5.0,0.3333333333333333,0.0,0.0,0.0,0.0,0.0,0.0,0.0,0.0,0.0,0.0,0.16666666666666666,5.0,1.6666666666666667,3.3333333333333335,0.0,0.3333333333333333,0.0,0.0
335,matthew ioannidis,16.0,6.0,0.0,0.0,0.0,0.0,0.0,0.0,0.0,0.0,0.0,0.0,2.5,38.0,16.0,22.0,3.0,11.0,0.0,0.0
336,maurice hurst jr,7.666666666666667,0.6666666666666666,0.3333333333333333,0.0,0.0,0.0,1.0,0.0,0.0,0.3333333333333333,0.0,0.0,0.6666666666666666,13.333333333333334,7.666666666666667,5.666666666666667,3.0,2.0,0.0,0.0
337,maxx crosby,17.0,17.0,0.0,0.0,0.0,0.0,2.0,2.0,0.0,1.0,0.0,0.0,14.5,90.0,55.0,35.0,23.0,31.0,0.0,12.0
338,mazi smith,17.0,3.0,0.0,0.0,0.0,0.0,0.0,0.0,0.0,0.0,0.0,0.0,1.0,13.0,9.0,4.0,3.0,3.0,0.0,0.0
339,mckinnley jackson,13.0,1.0,0.0,0.0,0.0,0.0,0.0,1.0,0.0,0.0,0.0,0.0,1.0,15.0,6.0,9.0,2.0,1.0,0.0,0.0
340,mctelvin agim,4.0,0.0,0.0,0.0,0.0,0.0,0.5,0.0,0.0,0.0,0.0,0.0,0.75,3.0,1.0,2.0,0.5,2.0,0.0,0.0
341,mekhi wingo,11.0,0.0,0.0,0.0,0.0,0.0,0.0,0.0,0.0,0.0,0.0,0.0,0.0,9.0,1.0,8.0,0.0,1.0,0.0,0.0
342,michael danna,14.5,8.0,0.0,0.0,0.0,0.0,1.5,1.0,0.0,0.0,0.0,0.0,5.75,38.5,20.5,18.0,5.0,11.5,0.0,0.0
343,michael dogbe,10.0,1.6666666666666667,0.0,0.0,0.0,0.0,0.0,0.0,0.0,0.3333333333333333,0.0,0.0,0.3333333333333333,18.666666666666668,9.333333333333334,9.333333333333334,0.6666666666666666,0.6666666666666666,0.0,0.0
344,michael dwumfour,6.0,0.5,0.0,0.0,0.0,0.0,0.0,0.0,0.0,0.5,0.0,0.0,0.25,6.5,5.0,1.5,1.0,3.0,0.0,0.0
345,michael hall,8.0,3.0,0.0,0.0,0.0,0.0,0.0,0.0,0.0,0.0,0.0,0.0,1.0,14.0,8.0,6.0,3.0,6.0,0.0,0.0
346,michael hoecht,17.0,4.5,0.0,0.0,0.0,0.0,0.0,0.5,0.0,0.0,0.0,0.0,2.25,21.5,14.5,7.0,2.0,4.5,0.0,0.0
347,micheal clemons,16.0,0.5,0.0,0.0,0.0,0.0,0.0,0.5,0.0,0.0,0.0,0.0,1.5,31.5,18.0,13.5,3.0,3.5,0.0,0.0
348,mike daniels,2.0,1.0,0.0,0.0,0.0,0.0,0.0,0.0,0.0,0.0,0.0,0.0,0.0,5.0,5.0,0.0,1.0,0.0,0.0,0.0
349,mike greene,6.5,1.0,0.0,0.0,0.0,0.0,0.0,0.0,0.0,0.0,0.0,0.0,0.0,4.0,1.0,3.0,0.0,0.0,0.0,0.0
350,mike morris,8.0,0.0,0.0,0.0,0.0,0.0,0.0,0.0,0.0,0.0,0.0,0.0,0.0,4.0,2.5,1.5,0.0,0.0,0.0,0.0
351,mike pennel,10.0,0.6666666666666666,0.0,0.0,0.0,0.0,0.6666666666666666,0.3333333333333333,0.0,0.3333333333333333,0.0,0.0,0.0,17.0,9.0,8.0,1.0,0.6666666666666666,0.0,0.0
352,mike purcell,16.0,10.0,0.0,0.0,0.0,0.0,3.0,0.0,0.0,1.0,-1.0,0.0,0.0,25.0,11.0,14.0,1.0,5.0,0.0,0.0
353,milton williams,16.75,4.75,0.0,0.0,0.0,0.0,1.5,0.5,0.0,0.25,0.0,0.0,2.875,33.0,16.5,16.5,6.25,7.25,0.0,0.0
354,montez sweat,17.0,17.0,0.0,0.0,0.0,0.0,4.0,3.0,0.0,0.0,0.0,0.0,12.5,57.0,38.0,19.0,14.0,25.0,0.0,6.0
355,montravius adams,11.333333333333334,4.333333333333333,0.0,0.0,0.0,0.0,1.0,0.3333333333333333,0.0,0.0,0.0,0.0,0.3333333333333333,17.666666666666668,9.0,8.666666666666666,2.0,1.3333333333333333,0.0,0.0
356,morgan fox,17.0,3.5,0.0,0.0,0.0,0.0,0.5,0.0,0.0,0.0,0.0,0.0,4.5,21.0,15.0,6.0,4.5,8.0,0.0,0.0
357,moro ojomo,12.5,0.5,0.0,0.0,0.0,0.0,0.0,0.0,0.0,0.0,0.0,0.0,0.0,11.5,4.0,7.5,0.0,2.5,0.0,0.0
358,myjai sanders,7.0,0.0,0.0,0.0,0.0,0.0,0.0,0.0,0.0,0.0,0.0,0.0,0.0,7.0,4.0,3.0,1.0,2.0,0.0,0.0
359,myles adams,7.5,0.25,0.0,0.0,0.0,0.0,0.25,0.0,0.0,0.0,0.0,0.0,0.5,8.5,3.0,5.5,0.75,1.25,0.0,0.0
360,myles cole,8.0,0.0,0.0,0.0,0.0,0.0,0.0,0.0,0.0,0.0,0.0,0.0,0.0,8.0,4.0,4.0,1.0,0.0,0.0,0.0
361,myles garrett,16.0,16.0,0.0,0.0,0.0,0.0,3.0,4.0,0.0,1.0,1.0,0.0,14.0,42.0,33.0,9.0,17.0,30.0,0.0,10.0
362,myles murphy,15.0,0.0,0.0,0.0,0.0,0.0,0.5,0.0,0.0,0.0,0.0,0.0,1.5,20.0,10.5,9.5,2.0,3.5,0.0,0.0
363,naquan jones,11.666666666666666,1.0,0.0,0.0,0.0,0.0,0.6666666666666666,0.0,0.0,0.0,0.0,0.0,1.3333333333333333,20.0,6.666666666666667,13.333333333333334,2.3333333333333335,2.0,0.0,0.0
364,nathan shepherd,17.0,7.0,0.0,0.0,0.0,0.0,0.0,0.0,0.0,0.0,0.0,0.0,1.6666666666666667,37.0,20.0,17.0,2.6666666666666665,7.333333333333333,0.0,0.0
365,ndamukong suh,8.0,0.0,0.0,0.0,0.0,0.0,0.0,0.0,0.0,0.0,0.0,0.0,1.0,10.0,4.0,6.0,0.0,2.0,0.0,0.0
366,neil farrell,6.333333333333333,0.0,0.0,0.0,0.0,0.0,0.3333333333333333,0.0,0.0,0.0,0.0,0.0,0.0,5.0,1.6666666666666667,3.3333333333333335,0.6666666666666666,1.0,0.0,0.0
367,nesta jade silvera,4.5,0.0,0.0,0.0,0.0,0.0,0.0,0.0,0.0,0.0,0.0,0.0,0.0,5.0,1.5,3.5,0.0,0.0,0.0,0.0
368,neville gallimore,12.666666666666666,1.6666666666666667,0.0,0.0,0.0,0.0,0.6666666666666666,0.0,0.0,0.0,0.0,0.0,1.1666666666666667,20.666666666666668,9.666666666666666,11.0,2.3333333333333335,1.6666666666666667,0.0,0.0
369,nick bosa,17.0,17.0,0.0,0.0,0.0,0.0,4.0,2.0,0.0,1.0,-3.0,0.0,10.5,53.0,34.0,19.0,16.0,35.0,0.0,6.0
370,nick thurman,9.0,1.3333333333333333,0.0,0.0,0.0,0.0,0.0,0.0,0.0,0.0,0.0,0.0,0.0,17.0,6.666666666666667,10.333333333333334,1.0,0.6666666666666666,0.0,0.0
371,nick williams,11.0,6.5,0.0,0.0,0.0,0.0,1.0,0.0,0.0,1.0,0.0,0.0,0.5,23.5,10.5,13.0,3.5,1.5,0.0,0.0
372,nnamdi madubuike,17.0,16.666666666666668,0.0,0.0,0.0,0.0,1.3333333333333333,0.6666666666666666,0.0,0.0,0.0,0.0,8.333333333333334,47.0,28.333333333333332,18.666666666666668,10.333333333333334,19.666666666666668,0.0,6.333333333333333
373,odafe oweh,15.0,2.0,0.0,0.0,0.0,0.0,1.0,3.0,0.0,2.0,0.0,0.0,5.0,33.0,23.0,10.0,5.0,15.0,0.0,0.0
374,ogbonnia okoronkwo,15.0,2.5,0.0,0.0,0.0,0.0,0.5,0.5,0.0,0.5,0.0,0.0,3.75,27.0,18.5,8.5,8.5,7.0,0.0,0.0
375,olakunle fatukasi,13.0,0.0,0.0,0.0,0.0,0.0,0.0,0.0,0.0,0.0,0.0,0.0,0.0,6.0,4.0,2.0,0.0,0.0,0.0,0.0
376,osa odighizuwa,17.0,17.0,0.0,0.0,0.0,0.0,0.0,0.0,0.0,0.0,0.0,0.0,3.0,46.0,26.0,20.0,9.0,13.0,0.0,0.0
377,oshane ximines,10.0,0.0,0.0,0.0,0.0,0.0,3.0,0.0,0.0,0.0,0.0,0.0,0.0,13.0,4.0,9.0,0.0,2.0,0.0,0.0
378,otito ogbonnia,7.5,1.5,0.0,0.0,0.0,0.0,0.0,0.0,0.0,0.0,0.0,0.0,0.0,17.5,11.5,6.0,0.5,1.0,0.0,0.0
379,pat o'connor,13.25,0.0,0.0,0.0,0.0,0.0,0.0,0.0,0.0,0.0,0.0,0.0,0.375,8.0,3.0,5.0,1.5,1.0,0.25,0.0
380,patrick johnson,16.5,1.0,0.0,0.0,0.0,0.0,0.0,0.5,0.0,0.5,0.0,0.0,0.0,14.0,9.0,5.0,0.5,1.5,0.0,0.0
381,patrick jones ii,9.0,0.0,0.0,0.0,0.0,0.0,0.0,0.0,0.0,0.0,0.0,0.0,0.0,7.0,4.0,3.0,0.0,0.0,0.0,0.0
382,payton turner,7.75,0.0,0.0,0.0,0.0,0.0,1.0,0.5,0.0,0.25,0.0,0.0,1.25,12.5,7.5,5.0,2.75,2.75,0.0,0.0
383,pernell mcphee,10.0,0.0,0.0,0.0,0.0,0.0,0.0,0.0,0.0,0.0,0.0,0.0,1.0,14.0,11.0,3.0,2.0,3.0,0.0,0.0
384,perrion winfrey,7.0,0.0,0.0,0.0,0.0,0.0,1.0,0.0,0.0,0.0,0.0,0.0,0.25,12.5,4.5,8.0,0.5,1.0,0.0,0.0
385,phidarian mathis,11.0,0.0,0.0,0.0,0.0,0.0,0.5,0.0,0.0,0.5,0.0,0.0,0.0,12.5,5.0,7.5,1.0,0.5,0.0,0.0
386,phil hoskins,4.333333333333333,0.3333333333333333,0.0,0.0,0.0,0.0,0.0,0.0,0.0,0.0,0.0,0.0,0.3333333333333333,4.666666666666667,2.0,2.6666666666666665,0.3333333333333333,0.3333333333333333,0.0,0.0
387,pj mustipher,4.0,0.0,0.0,0.0,0.0,0.0,0.0,0.0,0.0,0.0,0.0,0.0,0.0,4.0,1.0,3.0,0.0,0.0,0.0,0.0
388,poona ford,8.0,0.0,0.0,0.0,0.0,0.0,0.0,0.0,0.0,0.0,0.0,0.0,1.0,9.0,5.0,4.0,1.0,3.0,0.0,0.0
389,porter gustin,6.0,1.0,0.0,0.0,0.0,0.0,0.0,0.0,0.0,1.0,-6.0,0.0,0.0,9.0,6.0,3.0,0.0,0.0,0.0,0.0
390,prince emili,2.0,0.0,0.0,0.0,0.0,0.0,1.0,0.0,0.0,0.0,0.0,0.0,0.0,3.0,0.0,3.0,0.0,0.0,0.0,0.0
391,quinnen williams,17.0,17.0,1.0,6.0,0.0,6.0,3.0,1.0,0.0,1.0,0.0,0.0,5.5,62.0,39.0,23.0,11.0,20.0,1.0,6.0
392,quinton bohanna,10.0,2.0,0.0,0.0,0.0,0.0,0.0,0.0,0.0,0.0,0.0,0.0,0.0,10.0,4.0,6.0,1.0,0.0,0.0,0.0
393,quinton jefferson,14.333333333333334,5.666666666666667,0.0,0.0,0.0,0.0,0.6666666666666666,0.3333333333333333,0.0,0.3333333333333333,-3.3333333333333335,0.0,4.5,25.666666666666668,11.666666666666666,14.0,4.333333333333333,10.0,0.0,0.0
394,raekwon davis,17.0,3.5,0.0,0.0,0.0,0.0,0.5,0.0,0.0,0.0,0.0,0.0,0.25,21.5,11.0,10.5,1.5,3.0,0.0,0.0
395,raequan williams,1.0,1.0,0.0,0.0,0.0,0.0,0.0,0.0,0.0,0.0,0.0,0.0,0.0,2.0,1.0,1.0,0.0,0.0,0.0,0.0
396,rakeem nunez-roches,16.0,4.0,0.0,0.0,0.0,0.0,1.0,0.0,0.0,0.0,0.0,0.0,0.5,26.0,14.0,12.0,1.0,1.0,0.0,0.0
397,randy gregory,6.0,3.0,0.0,0.0,0.0,0.0,0.0,2.0,0.0,0.0,0.0,0.0,2.0,12.0,7.0,5.0,2.0,7.0,0.0,0.0
398,rashad weaver,2.0,0.0,0.0,0.0,0.0,0.0,0.0,0.0,0.0,0.0,0.0,0.0,0.0,2.0,0.0,2.0,0.0,0.0,0.0,0.0
399,rasheem green,17.0,0.0,0.0,0.0,0.0,0.0,0.0,0.0,0.0,0.0,0.0,0.0,2.0,15.0,8.0,7.0,2.0,5.0,0.0,0.0
400,raymond johnson,15.0,0.0,0.0,0.0,0.0,0.0,0.0,0.0,0.0,0.0,0.0,0.0,1.0,4.0,3.0,1.0,1.0,1.0,0.0,0.0
401,rayshad nichols,1.0,0.0,0.0,0.0,0.0,0.0,0.0,0.0,0.0,0.0,0.0,0.0,0.0,4.0,1.0,3.0,0.0,0.0,0.0,0.0
402,renell wren,1.0,0.0,0.0,0.0,0.0,0.0,0.0,0.0,0.0,0.0,0.0,0.0,0.0,1.0,0.0,1.0,0.0,0.0,0.0,0.0
403,robert beal,9.0,0.0,0.0,0.0,0.0,0.0,0.0,0.0,0.0,0.0,0.0,0.0,0.5,11.0,6.5,4.5,0.5,0.5,0.0,0.0
404,robert nkemdiche,9.0,0.0,0.0,0.0,0.0,0.0,1.0,0.0,0.0,0.0,0.0,0.0,0.0,15.0,7.0,8.0,0.0,1.0,0.0,0.0
405,roderick perry,2.0,0.0,0.0,0.0,0.0,0.0,0.0,0.0,0.0,0.0,0.0,0.0,0.0,2.0,1.0,1.0,0.0,0.0,0.0,0.0
406,romeo okwara,8.333333333333334,1.3333333333333333,0.0,0.0,0.0,0.0,0.6666666666666666,0.3333333333333333,0.0,0.0,0.0,0.0,1.6666666666666667,7.666666666666667,3.0,4.666666666666667,1.3333333333333333,3.0,0.0,0.0
407,ronald blair,8.0,3.0,0.0,0.0,0.0,0.0,0.0,0.0,0.0,1.0,0.0,0.0,1.0,28.0,12.0,16.0,4.0,4.0,0.0,0.0
408,ross blacklock,9.333333333333334,0.6666666666666666,0.0,0.0,0.0,0.0,0.6666666666666666,0.3333333333333333,0.0,0.0,0.0,0.0,1.0,8.666666666666666,5.666666666666667,3.0,1.3333333333333333,2.3333333333333335,0.0,0.0
409,roy lopez,14.0,5.0,0.0,0.0,0.0,0.0,0.0,0.0,0.0,0.0,0.0,0.0,0.0,42.0,22.0,20.0,2.0,1.0,0.0,0.0
410,roy robertson-harris,17.0,9.5,0.0,0.0,0.0,0.0,1.0,0.0,0.0,0.0,0.0,0.0,2.75,27.0,13.0,14.0,3.5,8.0,0.0,0.0
411,ruke orhorhoro,8.0,0.0,0.0,0.0,0.0,0.0,0.0,0.0,0.0,0.0,0.0,0.0,0.0,11.0,4.0,7.0,1.0,1.0,0.0,0.0
412,ryan kerrigan,16.0,2.0,0.0,0.0,0.0,0.0,0.0,0.0,0.0,0.0,0.0,0.0,0.0,3.0,3.0,0.0,1.0,2.0,0.0,0.0
413,ryder anderson,7.0,2.0,0.0,0.0,0.0,0.0,0.0,0.0,0.0,0.0,0.0,0.0,2.0,8.0,4.0,4.0,2.0,2.0,0.0,0.0
414,sam hubbard,15.0,15.0,0.0,0.0,0.0,0.0,0.0,0.0,0.0,2.0,0.0,0.0,6.0,58.0,38.0,20.0,7.0,17.0,0.0,0.0
415,sam kamara,7.0,0.3333333333333333,0.0,0.0,0.0,0.0,0.3333333333333333,0.0,0.0,0.0,0.0,0.0,0.0,10.666666666666666,7.0,3.6666666666666665,1.0,0.0,0.0,0.0
416,sam okuayinonu,11.0,1.5,0.0,0.0,0.0,0.0,0.5,0.5,0.0,0.0,0.0,0.0,1.75,23.0,14.0,9.0,3.0,4.0,0.0,0.0
417,sam roberts,5.0,0.3333333333333333,0.0,0.0,0.0,0.0,0.0,0.0,0.0,0.0,0.0,0.0,0.0,2.6666666666666665,1.0,1.6666666666666667,0.0,0.0,0.0,0.0
418,sam williams,16.0,0.0,0.0,0.0,0.0,0.0,0.5,1.0,0.0,1.5,0.0,0.0,4.25,24.0,15.0,9.0,7.5,8.0,0.5,2.5
419,samson ebukam,17.0,17.0,0.0,0.0,0.0,0.0,1.0,3.0,0.0,0.0,0.0,0.0,9.5,57.0,39.0,18.0,10.0,17.0,0.0,0.0
420,scott matlock,12.0,0.0,0.0,0.0,0.0,0.0,0.0,0.0,0.0,0.0,0.0,0.0,0.0,15.0,6.0,9.0,1.0,1.0,0.0,0.0
421,shaka toney,16.0,0.0,0.0,0.0,0.0,0.0,0.0,0.0,0.0,0.0,0.0,0.0,0.0,8.0,4.0,4.0,1.0,0.0,0.0,0.0
422,shamar stephen,17.0,0.0,0.0,0.0,0.0,0.0,2.0,0.0,0.0,0.0,0.0,0.0,0.0,34.0,12.0,22.0,0.0,3.0,0.0,0.0
423,shaq lawson,16.0,1.0,0.0,0.0,0.0,0.0,0.0,0.0,0.0,0.0,0.0,0.0,1.0,13.0,7.0,6.0,2.0,7.0,0.0,0.0
424,shelby harris,17.0,7.0,0.0,0.0,0.0,0.0,5.0,1.0,0.0,0.0,0.0,0.0,1.5,28.0,17.0,11.0,6.0,3.0,0.0,0.0
425,sheldon day,8.333333333333334,0.6666666666666666,0.0,0.0,0.0,0.0,1.0,0.0,0.0,0.3333333333333333,1.6666666666666667,0.0,0.3333333333333333,17.666666666666668,7.333333333333333,10.333333333333334,1.0,0.6666666666666666,0.0,0.0
426,sheldon rankins,12.666666666666666,8.333333333333334,0.0,0.0,0.0,0.0,0.0,0.3333333333333333,0.0,1.0,4.333333333333333,0.3333333333333333,3.3333333333333335,29.0,18.0,11.0,5.0,6.0,0.0,0.0
427,shy tuttle,17.0,17.0,0.0,0.0,0.0,0.0,5.0,0.0,0.0,0.0,0.0,0.0,0.5,43.0,19.0,24.0,1.0,1.0,0.0,0.0
428,solomon byrd,1.0,0.0,0.0,0.0,0.0,0.0,1.0,0.0,0.0,0.0,0.0,0.0,0.0,2.0,2.0,0.0,0.0,1.0,0.0,0.0
429,solomon thomas,16.75,1.0,0.0,0.0,0.0,0.0,1.25,0.75,0.0,0.25,0.0,0.0,3.125,29.25,15.0,14.25,4.25,7.0,0.0,0.0
430,steve mclendon,12.0,0.0,1.0,0.0,0.0,0.0,1.0,1.0,0.0,0.0,0.0,0.0,0.5,11.0,7.0,4.0,1.0,5.0,0.0,0.0
431,ta'quon graham,12.5,1.0,0.0,0.0,0.0,0.0,0.0,0.5,0.0,0.0,0.0,0.0,0.5,17.5,6.0,11.5,0.5,1.5,0.0,0.0
432,taco charlton,8.0,0.5,0.0,0.0,0.0,0.0,0.5,0.0,0.0,0.0,0.0,0.0,0.25,10.5,4.0,6.5,0.0,1.0,0.0,0.0
433,taki taimani,7.0,0.0,0.0,0.0,0.0,0.0,0.0,0.0,0.0,0.0,0.0,0.0,0.0,3.0,1.0,2.0,0.0,0.0,0.0,0.0
434,takkarist mckinley,7.333333333333333,0.6666666666666666,0.0,0.0,0.0,0.0,0.0,0.3333333333333333,0.0,0.0,0.0,0.0,1.0,9.333333333333334,4.666666666666667,4.666666666666667,1.3333333333333333,3.3333333333333335,0.0,0.0
435,tanoh kpassagnon,11.666666666666666,1.6666666666666667,0.0,0.0,0.0,0.0,0.6666666666666666,0.0,0.0,0.0,0.0,0.0,1.8333333333333333,16.0,9.333333333333334,6.666666666666667,2.3333333333333335,5.333333333333333,0.0,0.0
436,tanzel smart,3.5,0.0,0.0,0.0,0.0,0.0,0.0,0.0,0.0,0.0,0.0,0.0,0.0,3.5,1.5,2.0,0.0,0.0,0.0,0.0
437,tarron jackson,17.0,0.0,0.0,0.0,0.0,0.0,0.0,1.0,0.0,0.0,0.0,0.0,1.0,18.0,11.0,7.0,2.0,1.0,0.0,0.0
438,tashawn bower,6.0,0.0,0.0,0.0,0.0,0.0,0.0,0.0,0.0,0.0,0.0,0.0,0.5,2.5,1.0,1.5,0.5,0.5,0.0,0.0
439,taven bryan,16.333333333333332,4.333333333333333,0.0,0.0,0.0,0.0,0.3333333333333333,0.3333333333333333,0.0,0.3333333333333333,0.0,0.0,1.6666666666666667,19.0,11.0,8.0,3.6666666666666665,3.6666666666666665,0.0,0.0
440,taylor stallworth,11.5,0.5,0.0,0.0,0.0,0.0,0.5,0.0,0.0,0.0,0.0,0.0,1.5,12.0,7.0,5.0,2.5,6.0,0.0,0.0
441,teair tart,15.0,4.5,0.5,2.0,0.0,2.0,1.0,0.5,0.5,0.5,0.0,0.0,1.0,26.5,16.0,10.5,6.5,4.5,0.0,0.0
442,tedarrell slaton,17.0,6.333333333333333,0.0,0.0,0.0,0.0,1.3333333333333333,0.0,0.0,0.0,0.0,0.0,0.3333333333333333,34.666666666666664,17.333333333333332,17.333333333333332,1.3333333333333333,1.3333333333333333,0.0,0.0
443,tershawn wharton,13.0,0.6666666666666666,0.3333333333333333,0.0,0.0,0.0,0.3333333333333333,0.6666666666666666,0.0,0.3333333333333333,0.0,0.0,1.6666666666666667,19.333333333333332,8.0,11.333333333333334,1.0,3.6666666666666665,0.0,0.0
444,thomas booker,13.5,1.0,0.0,0.0,0.0,0.0,1.0,0.0,0.0,0.0,0.0,0.0,0.75,16.5,9.5,7.0,1.5,1.5,0.0,0.0
445,tim settle,16.0,1.3333333333333333,0.0,0.0,0.0,0.0,0.3333333333333333,0.3333333333333333,0.0,0.6666666666666666,-2.3333333333333335,0.0,0.6666666666666666,15.333333333333334,9.0,6.333333333333333,3.0,1.3333333333333333,0.0,0.0
446,tim ward,11.0,0.0,0.0,0.0,0.0,0.0,2.0,0.0,0.0,0.0,0.0,0.0,0.0,12.0,5.0,7.0,0.0,0.0,0.0,0.0
447,timmy horne,10.0,2.5,0.0,0.0,0.0,0.0,1.0,0.0,0.0,0.0,0.0,0.0,0.0,15.5,6.5,9.0,0.0,0.5,0.0,0.0
448,tj smith,1.75,0.0,0.0,0.0,0.0,0.0,0.0,0.0,0.0,0.0,0.0,0.0,0.0,3.25,0.75,2.5,0.25,0.0,0.0,0.0
449,tk mclendon,7.0,2.0,0.0,0.0,0.0,0.0,0.0,0.0,0.0,1.0,0.0,0.0,0.0,8.0,3.0,5.0,0.0,0.0,0.0,0.0
450,tommy togiai,8.666666666666666,0.6666666666666666,0.0,0.0,0.0,0.0,1.3333333333333333,0.0,0.0,0.3333333333333333,0.0,0.0,0.8333333333333334,19.0,7.666666666666667,11.333333333333334,0.6666666666666666,1.6666666666666667,0.0,0.0
451,travis bell,2.0,0.0,0.0,0.0,0.0,0.0,0.0,0.0,0.0,0.0,0.0,0.0,0.0,2.0,2.0,0.0,0.0,0.0,0.0,0.0
452,travis jones,16.0,1.5,0.0,0.0,0.0,0.0,1.5,0.0,0.0,0.0,0.0,0.0,1.25,30.0,17.0,13.0,2.5,3.5,0.0,0.0
453,trent harris,4.0,0.0,0.0,0.0,0.0,0.0,0.0,0.0,0.0,0.0,0.0,0.0,0.0,7.0,3.0,4.0,0.0,0.0,0.0,0.0
454,trey hendrickson,17.0,17.0,0.0,0.0,0.0,0.0,3.0,3.0,0.0,0.0,0.0,0.0,17.5,43.0,28.0,15.0,16.0,25.0,0.0,6.0
455,truman jones,1.0,0.0,0.0,0.0,0.0,0.0,0.0,0.0,0.0,0.0,0.0,0.0,0.0,2.0,2.0,0.0,0.0,0.0,0.0,0.0
456,trysten hill,9.5,0.0,0.0,0.0,0.0,0.0,0.0,0.0,0.0,0.0,0.0,0.0,0.75,11.5,8.5,3.0,2.5,4.0,0.0,0.0
457,ty mcgill,3.75,0.0,0.0,0.0,0.0,0.0,0.25,0.25,0.0,0.0,0.0,0.0,0.0,3.5,1.75,1.75,0.5,1.25,0.0,0.0
458,tyeler davison,6.0,0.0,0.0,0.0,0.0,0.0,0.0,0.0,0.0,0.0,0.0,0.0,0.0,1.0,1.0,0.0,0.0,0.0,0.0,0.0
459,tyler davis,16.0,0.0,0.0,0.0,0.0,0.0,0.0,0.0,0.0,0.0,0.0,0.0,0.5,29.0,12.0,17.0,2.0,1.0,0.0,0.0
460,tyler lacy,15.0,0.0,0.0,0.0,0.0,0.0,1.0,0.0,0.0,0.0,0.0,0.0,0.0,12.0,5.0,7.0,1.0,3.0,0.0,0.0
461,tyler lancaster,16.0,3.0,0.0,0.0,0.0,0.0,0.0,0.0,0.0,0.0,0.0,0.0,0.0,31.0,15.0,16.0,3.0,0.0,0.0,0.0
462,tyler shelvin,3.0,0.0,0.0,0.0,0.0,0.0,0.0,0.0,0.0,0.0,0.0,0.0,0.0,4.0,1.0,3.0,0.0,0.0,0.0,0.0
463,tyquan lewis,10.5,2.5,0.25,2.0,0.0,2.0,1.75,0.5,0.25,0.0,0.0,0.0,2.25,19.25,12.5,6.75,4.0,6.75,0.0,0.0
464,tyree wilson,16.5,2.0,0.0,0.0,0.0,0.0,0.0,1.0,0.0,0.5,0.0,0.0,4.0,28.0,16.0,12.0,4.0,9.0,0.0,0.0
465,tyrus wheat,10.0,0.0,0.0,0.0,0.0,0.0,0.0,0.0,0.0,0.0,0.0,0.0,0.25,8.5,4.0,4.5,0.5,0.5,0.0,0.0
466,tyson alualu,2.0,1.0,0.0,0.0,0.0,0.0,0.0,0.0,0.0,0.0,0.0,0.0,0.0,4.0,3.0,1.0,0.0,0.0,0.0,0.0
467,vernon butler,5.5,0.5,0.0,0.0,0.0,0.0,0.0,0.0,0.0,0.0,0.0,0.0,0.0,7.5,4.0,3.5,0.0,0.5,0.0,0.0
468,victor dimukeje,14.0,0.0,0.0,0.0,0.0,0.0,0.0,0.0,0.0,0.0,0.0,0.0,0.0,3.0,0.0,3.0,0.0,1.0,0.0,0.0
469,vincent taylor,1.0,1.0,0.0,0.0,0.0,0.0,0.0,0.0,0.0,0.0,0.0,0.0,0.0,2.0,1.0,1.0,0.0,0.0,0.0,0.0
470,vinny curry,11.0,0.0,0.0,0.0,0.0,0.0,0.0,0.0,0.0,0.0,0.0,0.0,0.0,15.0,9.0,6.0,2.0,1.0,0.0,0.0
471,will anderson,15.0,13.0,0.0,0.0,0.0,0.0,1.0,0.0,0.0,0.0,0.0,0.0,7.0,45.0,29.0,16.0,10.0,22.0,0.0,7.0
472,will mcdonald,15.0,0.0,0.0,0.0,0.0,0.0,0.0,1.0,0.0,1.0,0.0,0.0,3.0,14.0,9.0,5.0,4.0,5.0,0.0,0.0
473,william bradley-king,2.0,0.0,0.0,0.0,0.0,0.0,0.0,0.0,0.0,0.0,0.0,0.0,0.25,3.5,0.5,3.0,0.0,0.5,0.0,0.0
474,william gholston,16.5,2.0,0.5,0.0,0.0,0.0,1.0,0.0,0.0,0.0,0.0,0.0,0.5,15.5,8.0,7.5,0.5,2.0,0.0,0.0
475,woodrow hamilton,1.0,1.0,0.0,0.0,0.0,0.0,0.0,0.0,0.0,0.0,0.0,0.0,0.0,2.0,0.0,2.0,0.0,0.0,0.0,0.0
476,xavier williams,1.0,0.0,0.0,0.0,0.0,0.0,0.0,0.0,0.0,0.0,0.0,0.0,0.0,1.0,0.0,1.0,0.0,0.0,0.0,0.0
477,yannick ngakoue,13.0,13.0,0.0,0.0,0.0,0.0,0.0,0.0,0.0,0.0,0.0,0.0,4.0,22.0,13.0,9.0,6.0,7.0,0.0,0.0
478,yetur gross-matos,12.333333333333334,2.6666666666666665,0.0,0.0,0.0,0.0,0.3333333333333333,0.3333333333333333,0.0,0.0,0.0,0.0,4.0,27.666666666666668,17.0,10.666666666666666,6.0,7.0,0.0,0.0
479,za'darius smith,8.5,8.0,0.0,0.0,0.0,0.0,1.5,0.5,0.0,0.0,0.0,0.0,2.75,14.0,9.5,4.5,4.0,10.0,0.0,0.0
480,zacch pickens,13.0,1.5,0.0,0.0,0.0,0.0,0.5,0.5,0.0,0.0,0.0,0.0,0.75,19.5,8.5,11.0,1.0,2.0,0.0,0.0
481,zach allen,15.0,15.0,0.0,0.0,0.0,0.0,4.5,0.5,0.0,0.0,0.0,0.0,5.25,53.5,25.0,28.5,9.0,22.0,0.0,0.0
482,zach harrison,16.5,0.5,0.0,0.0,0.0,0.0,1.5,0.0,0.0,0.0,0.0,0.0,2.0,29.5,12.0,17.5,3.5,3.0,0.5,0.0
483,zach kerr,7.0,0.0,0.0,0.0,0.0,0.0,0.0,0.0,0.0,0.0,0.0,0.0,0.0,6.0,2.0,4.0,0.0,0.0,0.0,0.0
484,zach sieler,17.0,17.0,1.0,5.0,1.0,5.0,4.0,1.0,0.0,2.0,3.0,0.0,10.0,63.0,32.0,31.0,11.0,22.0,0.0,0.0
485,zachary carter,14.5,3.5,0.0,0.0,0.0,0.0,1.0,0.5,0.0,0.0,0.0,0.0,0.75,22.5,9.0,13.5,0.5,2.0,0.0,0.0
486,zion logue,2.0,0.0,0.0,0.0,0.0,0.0,0.0,0.0,0.0,0.0,0.0,0.0,0.0,2.0,2.0,0.0,0.0,0.0,0.0,0.0
