year-drafted,qb-num-picked,rd-picked,num-picked,name,height (in),weight (lbs),nfl-team,coach-tenure,drafted-team-winpr,drafted_team_ppg_rk,college,conf,conf-str,p-cmp,p-att,cmp-pct,p-yds,p-ypa,p-adj-ypa,p-td,int,rate,r-att,r-yds,r-avg,r-tds,nfl-starts,nfl-wins,nfl-losses,nfl-ties,nfl-winpr,nfl-qbr,nfl-cmp,nfl-att,nfl-inc,nfl-comp%,nfl-yds,nfl-tds,nfl-int,nfl-pick6,nfl-int%,nfl-sack%,nfl-y/a,nfl-ay/a,nfl-any/a,nfl-y/c,nfl-y/g,nfl-succ%,nfl-4qc,nfl-gwd
2023,1,1,1,Bryce Young,70,204,Panthers,0,0.412,19,Alabama,SEC,0.692,624,949,65.8,8356,8.8,9.9,80,12,165,139,162,1.2,7,16,2,14,0,0.13,73.7,315,527,212,59.8,2877,11,10,3,1.9,10.53,5.5,5.02,3.68,9.1,179.8,36.5,2,2
2023,2,1,2,C.J. Stroud,75,214,Texans,0,0.206,29,Ohio State,Big Ten,0.608,575,830,69.3,8123,9.8,11.2,85,12,182.4,80,136,1.7,1,15,9,6,0,0.6,100.8,319,499,180,63.9,4108,23,5,0,1,7.08,8.2,8.7,7.47,12.9,273.9,46.7,1,3
2023,3,1,4,Anthony Richardson,76,244,Colts,0,0.265,29,Florida,SEC,0.692,215,393,54.7,3105,7.9,7.4,24,15,133.6,161,1116,6.9,12,4,2,2,0,0.5,87.3,50,84,34,59.5,577,3,1,0,1.2,7.69,6.9,7.05,6.19,11.5,144.3,44,0,0
2023,4,2,33,Will Levis,75,229,Titans,5,0.412,27,Kentucky,SEC,0.692,479,738,64.9,5876,8,7.7,46,25,145.6,312,742,2.4,17,9,3,6,0,0.33,84.2,149,255,106,58.4,1808,8,4,1,1.6,9.89,7.1,7.01,5.66,12.1,200.9,37.1,1,1
2023,5,3,68,Hendon Hooker,76,217,Lions,2,0.529,5,Tennessee,SEC,0.692,632,943,67,8974,9.5,10.6,80,12,172.4,518,2083,4,25,0,0,0,0,0,0,0,0,0,0,0,0,0,0,0,0,0,0,0,0,0,0,0,0
2023,6,4,127,Jake Haener,73,207,Saints,1,0.412,21,Fresno State,MWC,0.437,740,1085,68.2,9120,8.4,8.9,68,18,156.2,175,-109,-0.6,8,0,0,0,0,0,0,0,0,0,0,0,0,0,0,0,0,0,0,0,0,0,0,0,0
2023,7,4,128,Stetson Bennett,71,192,Rams,6,0.294,26,Georgia,SEC,0.692,601,923,65.1,8429,9.1,9.5,66,21,160.9,141,530,3.8,14,0,0,0,0,0,0,0,0,0,0,0,0,0,0,0,0,0,0,0,0,0,0,0,0
2023,8,4,135,Aidan O'Connell,75,213,Raiders,1,0.353,12,Purdue,Big Ten,0.608,826,1238,66.7,9219,7.4,7.4,65,30,141.8,95,-274,-2.9,2,10,5,5,0,0.5,83.9,213,343,130,62.1,2218,12,7,0,2,6.54,6.5,6.25,5.37,10.4,201.6,43.6,0,1
2023,9,5,139,Clayton Tune,75,220,Cardinals,0,0.235,20,Houston,American,0.539,956,1497,63.9,11994,8,8.2,104,41,148.6,412,1248,3,15,1,0,1,0,0,22.6,12,21,9,57.1,62,0,2,0,9.5,25,3,-1.33,-2.46,5.2,8.9,17.9,0,0
2023,10,5,140,Dorian Thompson-Robinson,73,203,Browns,3,0.412,17,UCLA,Pac 12,0.598,860,1359,63.3,10710,7.9,8,88,36,145.6,471,1826,3.9,28,3,1,2,0,0.33,51.2,60,112,52,53.6,440,1,4,0,3.6,5.08,3.9,2.5,1.86,7.3,55,35.6,0,1
2023,11,5,149,Sean Clifford,74,211,Packers,4,0.471,14,Penn State,Big Ten,0.608,833,1356,61.4,10661,7.9,8.1,86,31,143.8,388,1073,2.8,15,0,0,0,0,0,118.7,1,1,0,100,37,0,0,0,0,0,37,37,37,37,18.5,100,0,0
2023,12,5,164,Jaren Hall,73,207,Vikings,1,0.765,7,Brigham Young,Independent,0.484,468,718,65.2,6174,8.6,9.4,52,11,158.2,181,800,4.4,9,2,1,1,0,0.5,70.4,13,20,7,65,168,0,1,0,5,16.67,8.4,6.15,3.96,12.9,56,37.5,0,0
2023,13,6,188,Tanner McKee,78,213,Eagles,2,0.824,2,Stanford,Pac 12,0.598,473,748,63.2,5336,7.1,7,28,15,131.5,135,-86,-0.6,6,0,0,0,0,0,0,0,0,0,0,0,0,0,0,0,0,0,0,0,0,0,0,0,0
2023,14,7,239,Max Duggan,74,207,Chargers,2,0.588,13,Texas Christian,Big 12,0.643,739,1225,60.3,9618,7.9,8,73,28,141.4,488,1856,3.8,28,0,0,0,0,0,0,0,0,0,0,0,0,0,0,0,0,0,0,0,0,0,0,0,0
2022,1,1,20,Kenny Pickett,75,217,Steelers,15,0.559,20,Pittsburgh,Big Ten,0.645,1045,1674,62.4,12303,7.3,7.5,81,32,136.3,416,809,1.9,20,24,14,10,0,0.58,78.8,446,713,267,62.6,4474,13,13,0,1.8,6.55,6.3,5.82,4.97,10,179,42.3,6,7
2022,2,3,74,Desmond Ridder,76,211,Falcons,1,0.412,24,Cincinnati,American,0.539,810,1304,62.1,10239,7.9,8.2,87,28,145.8,501,2190,4.4,28,17,8,9,0,0.47,84.1,322,503,181,64,3544,14,12,1,2.4,7.37,7,6.53,5.62,11,186.5,44.9,3,5
2022,3,3,86,Malik Willis,73,220,Titans,4,0.706,14,Liberty,Independent,0.488,388,618,62.8,5186,8.4,8.6,48,18,153.1,366,2131,5.8,29,3,1,2,0,0.33,49.4,35,66,31,53,350,0,3,0,4.5,17.5,5.3,3.26,1.7,10,31.8,31.3,0,0
2022,4,3,94,Matt Corral,73,200,Panthers,2,0.294,27,Mississippi,SEC,0.659,614,912,67.3,8287,9.1,9.2,57,23,159.2,334,1338,4,18,0,0,0,0,0,0,0,0,0,0,0,0,0,0,0,0,0,0,0,0,0,0,0,0
2022,5,4,137,Bailey Zappe,73,215,Patriots,22,0.588,6,Western Kentucky,CUSA,0.457,475,687,69.1,5967,8.7,9.8,62,11,168.7,51,17,0.3,3,8,4,4,0,0.5,78.5,192,304,112,63.2,2053,11,12,1,3.9,9.25,6.8,5.7,4.48,10.7,146.6,38.8,0,1
2022,6,5,144,Sam Howell,73,221,Commanders,2,0.412,22,North Carolina,ACC,0.558,713,1117,63.8,10283,9.2,9.9,92,23,164.2,369,1009,2.7,17,18,5,13,0,0.28,79,399,631,232,63.2,4115,22,22,4,3.5,9.73,6.5,5.65,4.44,10.3,228.6,42.2,2,2
2022,9,7,262,Brock Purdy,73,212,49ers,5,0.588,12,Iowa State,Big 12,0.648,993,1467,67.7,12170,8.3,8.4,81,33,151.1,365,1177,3.2,19,21,17,4,0,0.81,111.4,422,614,192,68.7,5654,44,15,1,2.4,5.97,9.2,9.54,8.61,13.4,226.2,53.4,1,1
2021,1,1,1,Trevor Lawrence,78,220,Jaguars,0,0.063,28,Clemson,ACC,0.556,758,1138,66.6,10098,8.9,9.8,90,17,164.3,231,943,4.1,18,50,20,30,0,0.4,85,1116,1750,634,63.8,11770,58,39,1,2.2,5.1,6.7,6.39,5.71,10.5,235.4,46.4,5,6
2021,2,1,2,Zach Wilson,75,210,Jets,0,0.125,30,Brigham Young,Independent,0.596,566,837,67.6,7652,9.1,9.7,56,15,162.9,212,642,3,15,33,12,21,0,0.36,73.2,566,993,427,57,6293,23,25,0,2.5,10.22,6.3,5.67,4.29,11.1,185.1,37,5,5
2021,3,1,3,Trey Lance,76,226,49ers,4,0.375,20,North Dakota State,FCS,0,208,318,65.4,2947,9.3,11,30,1,173.8,192,1325,6.9,18,4,2,2,0,0.5,84.5,56,102,46,54.9,797,5,3,0,2.9,5.56,7.8,7.47,6.83,14.2,99.6,37,0,0
2021,4,1,11,Justin Fields,75,228,Bears,3,0.5,21,Ohio State,Big Ten,0.455,423,618,68.4,5701,9.2,10.7,67,9,178.8,260,1133,4.4,19,38,10,28,0,0.26,82.3,578,958,380,60.3,6674,40,30,4,3.1,12.35,7,6.39,4.77,11.5,166.9,37.8,2,3
2021,5,1,15,Mac Jones,75,214,Patriots,21,0.438,25,Alabama,SEC,0.626,413,556,74.3,6126,11,12.5,56,7,197.6,54,42,0.8,2,42,18,24,0,0.43,85.8,864,1308,444,66.1,8918,46,36,6,2.8,6.03,6.8,6.28,5.47,10.3,212.3,44.9,2,2
2021,6,2,64,Kyle Trask,77,240,Buccaneers,2,0.688,3,Florida,SEC,0.626,552,813,67.9,7386,9.1,10,69,15,168.5,132,54,0.4,8,0,0,0,0,0,39.6,3,10,7,30,23,0,0,0,0,0,2.3,2.3,2.3,7.7,7.7,20,0,0
2021,7,3,66,Kellen Mond,75,211,Vikings,7,0.438,11,Texas A&M,SEC,0.626,801,1358,59,9661,7.1,7.3,71,27,132,438,1608,3.7,22,0,0,0,0,0,70.1,2,3,1,66.7,5,0,0,0,0,0,1.7,1.67,1.67,2.5,5,33.3,0,0
2021,8,3,67,Davis Mills,76,212,Texans,0,0.25,18,Stanford,Pac 12,0.277,287,438,65.5,3464,7.9,7.9,18,8,141.9,63,86,1.4,3,26,5,19,1,0.19,83,573,912,339,62.8,5955,35,25,3,2.7,6.56,6.5,6.06,5.19,10.4,175.1,41.6,2,3
2021,9,4,133,Ian Book,72,206,Saints,8,0.75,5,Notre Dame,ACC,0.556,728,1141,63.8,8948,7.8,8.3,72,20,147,361,1517,4.2,17,1,0,1,0,0,40.6,12,20,8,60,135,0,2,1,10,28.57,6.8,2.25,-0.32,11.3,135,28.6,0,0
2021,10,6,218,Sam Ehlinger,73,218,Colts,3,0.688,9,Texas,Big 12,0.603,923,1476,62.5,11436,7.7,8.2,94,27,145,554,1903,3.4,33,3,0,3,0,0,76.1,64,101,37,63.4,573,3,3,2,3,12.17,5.7,4.93,3.57,9,71.6,40.9,0,0
2020,1,1,1,Joe Burrow,76,220,Bengals,1,0.125,27,Louisiana State,SEC,0.652,650,945,68.8,8852,9.4,10.5,78,11,172.4,258,820,3.2,13,52,29,22,1,0.56,98.6,1288,1895,607,68,14083,97,37,4,2,7.24,7.4,7.58,6.52,10.9,270.8,48,5,7
2020,2,1,5,Tua Tagovailoa,72,216,Dolphins,1,0.313,22,Alabama,SEC,0.652,474,684,69.3,7442,10.9,12.7,87,11,199.4,107,340,3.2,9,51,32,19,0,0.63,97.1,1096,1638,542,66.9,12639,81,37,4,2.3,5.21,7.7,7.69,6.93,11.5,238.5,49.9,6,8
2020,3,1,6,Justin Herbert,78,235,Chargers,3,0.313,18,Oregon,Pac 12,0.59,827,1293,64,10541,8.2,8.8,95,23,153.1,231,560,2.4,13,62,30,32,0,0.48,95.7,1613,2422,809,66.6,17223,114,42,4,1.7,5.09,7.1,7.27,6.56,10.7,277.8,48,11,14
2020,4,1,26,Jordan Love,76,218,Packers,1,0.813,14,Utah State,MWC,0.52,689,1125,61.2,8600,7.6,7.6,60,29,137.9,170,403,2.4,9,18,9,9,0,0.5,94,422,662,240,63.7,4765,35,14,0,2.1,4.75,7.2,7.3,6.58,11.3,176.5,47.1,2,3
2020,5,2,53,Jalen Hurts,73,216,Eagles,4,0.563,11,Oklahoma,Big 12,0.602,682,1047,65.1,9477,9.1,9.7,80,20,162.6,614,3274,5.3,43,51,34,17,0,0.67,91.1,1000,1578,578,63.4,11764,67,34,4,2.2,6.68,7.5,7.33,6.45,11.8,189.7,45.1,6,8
2020,6,4,122,Jacob Eason,78,229,Colts,2,0.438,15,Washington,Pac 12,0.59,468,782,59.8,5590,7.1,7.2,39,16,132.3,82,-126,-1.5,2,0,0,0,0,0,39.2,5,10,5,50,84,0,2,0,20,0,8.4,-0.6,-0.6,16.8,42,50,0,0
2020,7,4,125,James Morgan,76,227,Jets,1,0.438,28,Florida International,CUSA,0.436,699,1221,57.2,8629,7.1,6.9,65,34,128.6,130,-168,-1.3,3,0,0,0,0,0,0,0,0,0,0,0,0,0,0,0,0,0,0,0,0,0,0,0,0
2020,8,5,167,Jake Fromm,74,213,Bills,3,0.625,20,Georgia,SEC,0.652,621,982,63.2,8224,8.4,9.1,78,18,156.1,134,40,0.3,3,2,0,2,0,0,38.9,27,60,33,45,210,1,3,1,5,9.09,3.5,1.58,0.94,7.8,70,27.3,0,0
2020,9,6,189,Jake Luton,78,222,Jaguars,4,0.375,23,Oregon State,Pac 12,0.59,496,797,62.2,5630,7.1,7.3,43,15,135.6,116,-131,-1.1,6,3,0,3,0,0,54.5,60,110,50,54.5,624,2,6,0,5.5,5.98,5.7,3.58,2.92,10.4,208,41,0,0
2020,10,7,224,Cole McDonald,75,213,Titans,2,0.563,9,Hawaii,MWC,0.52,616,1004,61.4,8032,8,8.3,70,24,146.8,251,880,3.5,12,0,0,0,0,0,0,0,0,0,0,0,0,0,0,0,0,0,0,0,0,0,0,0,0
2020,11,7,231,Ben DiNucci,74,218,Cowboys,0,0.5,5,James Madison,FCS,0,479,687,70,5716,0,0,45,18,0,229,1002,4.4,16,1,0,1,0,0,67.9,23,43,20,53.5,219,0,0,0,0,14,5.1,5.09,2.92,9.5,73,34,0,0
2020,12,7,240,Tommy Stevens,77,233,Saints,7,0.813,3,Mississippi State,SEC,0.652,121,202,59.9,1459,7.2,7.4,15,6,139.1,159,887,5.6,12,0,0,0,0,0,0,0,0,0,0,0,0,0,0,0,0,0,0,0,0,0,0,0,0
2020,13,7,244,Nate Stanley,76,233,Vikings,6,0.625,7,Iowa,Big Ten,0.612,673,1155,58.3,8297,7.2,7.5,68,23,134.1,161,-104,-0.6,2,0,0,0,0,0,0,0,0,0,0,0,0,0,0,0,0,0,0,0,0,0,0,0,0
2019,1,1,1,Kyler Murray,70,191,Cardinals,0,0.188,29,Oklahoma,Big 12,0.6,350,519,67.4,5406,10.4,11.1,50,14,181.3,207,1478,7.1,13,65,28,36,1,0.43,92.2,1492,2239,747,66.6,15647,94,46,7,2.1,6.24,7,6.9,6.02,10.5,240.7,46.5,8,10
2019,2,1,6,Daniel Jones,77,213,Giants,1,0.313,13,Duke,ACC,0.632,764,1275,59.9,8201,6.4,6.2,52,29,122.9,406,1323,3.3,17,59,22,36,1,0.37,85.2,1221,1900,679,64.3,12512,62,40,2,2.1,8.61,6.6,6.29,5.2,10.2,208.5,42.8,7,9
2019,3,1,15,Dwayne Haskins,75,213,Redskins,5,0.438,26,Ohio State,Big Ten,0.602,413,590,70,5396,9.1,10.3,54,9,174,103,194,1.9,4,13,3,10,0,0.23,74.4,267,444,177,60.1,2804,12,14,1,3.2,9.94,6.3,5.44,4.2,10.5,175.3,38.3,2,2
2019,4,2,42,Drew Lock,76,224,Broncos,0,0.375,21,Missouri,SEC,0.708,883,1553,56.9,12193,7.9,8,99,39,138.8,202,437,2.2,9,23,9,14,0,0.39,79.5,469,786,317,59.7,5283,28,23,1,2.9,4.73,6.7,6.12,5.55,11.3,188.7,41,3,4
2019,5,3,100,Will Grier,74,202,Panthers,8,0.438,12,West Virginia,Big 12,0.6,621,945,65.7,8556,9.1,9.7,81,23,165.2,147,148,1,7,2,0,2,0,0,33.2,28,52,24,53.8,228,0,4,1,7.7,10.34,4.4,0.92,0.07,8.1,114,32.8,0,0
2019,6,4,104,Ryan Finley,76,209,Bengals,0,0.375,14,North Carolina State,ACC,0.632,938,1461,64.2,11147,7.6,7.6,63,30,138.4,214,382,1.8,5,4,1,3,0,0.25,59.4,58,119,61,48.7,638,3,4,1,3.4,14.39,5.4,4.35,2.6,11,79.8,28.1,0,0
2019,7,4,133,Jarrett Stidham,75,213,Patriots,19,0.688,4,Auburn,SEC,0.708,545,848,64.3,7217,8.5,9,48,13,151.4,211,224,1.1,9,4,1,3,0,0.25,78.3,117,197,80,59.4,1422,8,8,2,4.1,8.8,7.2,6.2,5.1,12.2,88.9,41.2,0,0
2019,8,5,166,Easton Stick,73,222,Chargers,2,0.75,6,North Dakota State,FCS,0,598,980,61,8693,0,0,88,28,0,427,2523,5.9,41,4,0,4,0,0,85.7,112,175,63,64,1133,3,1,1,0.6,7.41,6.5,6.56,5.43,10.1,188.8,43.4,0,0
2019,9,5,167,Clayton Thorson,76,224,Eagles,3,0.563,15,Northwestern,Big Ten,0.602,991,1696,58.4,10731,6.3,5.9,61,45,118.1,362,408,1.1,27,0,0,0,0,0,0,0,0,0,0,0,0,0,0,0,0,0,0,0,0,0,0,0,0
2019,10,6,178,Gardner Minshew,74,213,Jaguars,3,0.313,28,Washington State,Pac 12,0.576,761,1168,65.2,8266,7.1,7.4,62,20,138.7,96,43,0.4,4,0,0,0,0,0,0,0,0,0,0,0,0,0,0,0,0,0,0,0,0,0,0,0,0
2019,11,6,197,Trace McSorley,72,200,Ravens,11,0.625,11,Penn State,Big Ten,0.602,720,1215,59.3,9899,8.1,8.5,77,25,144.5,473,1697,3.6,30,1,0,1,0,0,48.8,48,93,45,51.6,502,1,5,0,5.4,3.13,5.4,3.19,2.81,10.5,55.8,28.1,0,0
2018,1,1,1,Baker Mayfield,73,218,Browns,2,0,32,Oklahoma,Big 12,0.609,1026,1497,68.5,14607,9.8,10.6,131,30,175.4,404,1083,2.7,21,86,40,46,0,0.47,88.1,1750,2825,1075,61.9,20332,130,74,5,2.6,6.92,7.2,6.94,6.02,11.6,228.4,44.4,8,10
2018,2,1,3,Sam Darnold,76,218,Jets,3,0.313,24,USC,Pac 12,0.589,549,846,64.9,7229,8.5,8.7,57,22,153.7,137,332,2.4,7,56,21,35,0,0.38,78.3,1082,1811,729,59.7,12064,63,56,5,3.1,7.6,6.7,5.97,5.02,11.1,182.8,42,3,5
2018,3,1,7,Josh Allen,77,231,Bills,1,0.563,22,Wyoming,MWC,0.475,365,649,56.2,5066,7.8,7.7,44,21,137.7,237,767,3.2,12,93,63,30,0,0.68,92.2,1989,3145,1156,63.2,22703,167,78,2,2.5,5.27,7.2,7.16,6.46,11.4,241.5,49,13,19
2018,4,1,10,Josh Rosen,76,216,Cardinals,0,0.5,25,UCLA,Pac 12,0.589,712,1170,60.9,9340,8,8,59,26,140.1,109,-154,-1.4,6,16,3,13,0,0.19,61.1,277,513,236,54,2864,12,21,5,4.1,10.63,5.6,4.21,3.04,10.3,119.3,35.7,1,2
2018,5,1,32,Lamar Jackson,75,209,Ravens,10,0.563,9,Louisville,ACC,0.635,619,1086,57,9043,8.3,8.5,69,27,142.9,655,4132,6.3,50,77,58,19,0,0.75,98,1362,2112,750,64.5,15887,125,45,3,2.1,7.41,7.5,7.75,6.8,11.7,184.7,47.1,8,10
2018,6,3,76,Mason Rudolph,77,229,Steelers,11,0.813,8,Oklahoma State,Big 12,0.609,915,1447,63.2,13618,9.4,9.9,92,26,159.7,225,28,0.1,17,13,8,4,1,0.62,86.9,291,458,167,63.5,3085,19,11,0,2.4,4.58,6.7,6.48,5.82,10.6,146.9,41.5,2,2
2018,7,4,108,Kyle Lauletta,74,220,Giants,0,0.188,31,Richmond,FCS,0,758,1194,63.5,10465,8.8,0,73,35,151.4,198,186,0.9,12,0,0,0,0,0,0,0,5,5,0,0,0,1,0,20,0,0,-9,-9,0,0,0,0,0
2018,8,5,171,Mike White,76,224,Cowboys,8,0.563,14,Western Kentucky,CUSA,0.431,863,1393,62,11262,8.1,8.1,74,31,142.9,136,-470,-3.5,6,7,2,5,0,0.29,76.1,196,313,117,62.6,2219,9,13,1,4.2,3.99,7.1,5.8,5.28,11.3,158.5,46,1,1
2018,9,6,199,Luke Falk,76,222,Titans,0,0.563,19,Washington State,Pac 12,0.589,1403,2054,68.3,14481,7.1,7.4,119,39,142.8,251,-400,-1.6,4,2,0,2,0,0,62.4,47,73,26,64.4,416,0,3,1,4.1,17.98,5.7,3.85,2.08,8.9,138.7,27,0,0
2018,10,6,203,Tanner Lee,76,218,Jaguars,2,0.625,5,Nebraska,Big Ten,0.65,574,1040,55.2,6744,6.5,5.8,46,37,117.1,89,-384,-4.3,2,0,0,0,0,0,0,0,0,0,0,0,0,0,0,0,0,0,0,0,0,0,0,0,0
2018,11,7,219,Danny Etling,75,213,Patriots,18,0.813,2,Louisiana State,SEC,0.632,563,973,57.9,7076,7.3,7.3,43,19,129.6,201,70,0.3,7,0,0,0,0,0,0,0,0,0,0,0,0,0,0,0,0,0,0,0,0,0,0,0,0
2018,12,7,220,Alex McGough,75,216,Seahawks,8,0.563,11,Florida International,CUSA,0.431,807,1335,60.4,9091,6.8,6.5,65,37,128.2,308,535,1.7,16,0,0,0,0,0,0,0,0,0,0,0,0,0,0,0,0,0,0,0,0,0,0,0,0
2018,13,7,249,Logan Woodside,74,209,Bengals,15,0.438,26,Toledo,MAC,0.447,759,1166,65.1,10514,9,9.6,93,25,162.9,146,88,0.6,4,0,0,0,0,0,30.4,4,7,3,57.1,34,0,1,0,14.3,12.5,4.9,-1.57,-2.25,8.5,2.6,37.5,0,0
2017,1,1,2,Mitchell Trubisky,74,220,Bears,2,0.188,26,North Carolina,ACC,0.644,386,572,67.5,4762,8.3,9,41,10,157.6,120,439,3.7,8,57,31,26,0,0.54,85.5,1200,1872,672,64.1,12536,72,48,0,2.6,6.45,6.7,6.31,5.5,10.4,181.7,45.4,5,8
2017,2,1,10,Patrick Mahomes,75,229,Chiefs,4,0.75,12,Texas Tech,Big 12,0.574,857,1349,63.5,11252,8.3,8.8,93,29,152,308,845,2.7,22,96,74,22,0,0.77,103.5,2386,3590,1204,66.5,28424,219,63,4,1.8,3.96,7.9,8.35,7.76,11.9,296.1,52.6,14,16
2017,3,1,12,Deshaun Watson,75,213,Texans,3,0.563,26,Clemson,ACC,0.644,814,1207,67.4,10168,8.4,8.7,90,32,157.5,435,1934,4.4,26,65,36,29,0,0.55,100.8,1390,2089,699,66.5,16756,118,45,4,2.2,9.17,8,8.18,6.89,12.1,253.9,48.1,9,11
2017,4,2,52,DeShone Kizer,76,231,Browns,1,0.063,28,Notre Dame,Independent,0.508,422,695,60.7,5805,8.4,8.5,47,19,147.7,264,997,3.8,18,15,0,15,0,0,58.9,275,518,243,53.1,3081,11,24,1,4.6,7.5,5.9,4.29,3.49,11.2,171.2,33.9,0,0
2017,5,3,87,Davis Webb,77,227,Giants,1,0.688,24,California,Pac 12,0.607,841,1367,61.5,9852,7.2,7.3,83,34,137.1,77,-100,-1.3,9,1,0,1,0,0,75.8,23,40,17,57.5,168,1,0,0,0,0,4.2,4.7,4.7,7.3,84,35,0,0
2017,6,3,104,C.J. Beathard,74,218,49ers,0,0.125,25,Iowa,Big Ten,0.599,454,782,58.1,5562,7.1,7,40,19,129.8,224,429,1.9,10,13,3,10,0,0.23,82.1,340,563,223,60.4,3886,19,14,1,2.5,8.6,6.9,6.46,5.25,11.4,121.4,42.2,0,0
2017,7,4,135,Joshua Dobbs,75,209,Steelers,10,0.688,10,Tennessee,SEC,0.656,614,999,61.5,7138,7.1,6.9,53,29,133.2,438,2160,4.9,32,14,3,11,0,0.21,77.3,312,502,190,62.2,2920,15,13,1,2.6,6.69,5.8,5.25,4.45,9.4,139,40.7,1,1
2017,8,5,171,Nathan Peterman,74,224,Bills,0,0.438,10,Pittsburgh,ACC,0.644,398,662,60.1,5236,7.9,8.2,47,17,144.9,172,525,3.1,5,5,1,4,0,0.2,39.4,85,160,75,53.1,712,4,13,3,8.1,6.98,4.5,1.29,0.82,8.4,47.5,32.6,0,0
2017,9,6,215,Brad Kaaya,76,213,Lions,3,0.563,18,Miami (FL),ACC,0.644,720,1188,60.6,9968,8.4,8.6,69,24,146.2,94,-386,-4.1,4,0,0,0,0,0,0,0,0,0,0,0,0,0,0,0,0,0,0,0,0,0,0,0,0
2017,10,7,253,Chad Kelly,74,222,Broncos,0,0.563,20,Mississippi,SEC,0.656,513,803,63.9,6858,8.5,8.6,50,21,150.9,203,958,4.7,16,0,0,0,0,0,0,0,0,0,0,0,0,0,0,0,0,0,0,0,0,0,0,0,0
2016,1,1,1,Jared Goff,76,213,Rams,4,0.438,27,California,Pac 12,0.653,977,1569,62.3,12195,7.8,8.1,96,30,143.9,170,-114,-0.7,1,117,66,50,1,0.56,93.6,2657,4107,1450,64.7,30429,185,82,9,2,5.02,7.4,7.41,6.67,11.5,260.1,48.3,13,16
2016,2,1,2,Carson Wentz,78,233,Eagles,0,0.438,12,North Dakota State,FCS,0,392,612,64.1,5115,8.4,8.8,45,14,153.9,216,1028,4.8,13,93,47,45,1,0.51,89.4,2073,3308,1235,62.7,22292,153,67,3,2,6.74,6.7,6.75,5.87,10.8,234.7,45.2,12,13
2016,3,1,26,Paxton Lynch,79,244,Broncos,1,0.75,18,Memphis,American,0.533,758,1205,62.9,8863,7.4,7.5,59,23,137,288,687,2.4,17,4,1,3,0,0.25,76.7,79,128,49,61.7,792,4,4,0,3.1,12.33,6.2,5.41,4.1,10,158.4,41.1,0,0
2016,4,2,51,Christian Hackenberg,76,233,Jets,1,0.625,10,Penn State,Big Ten,0.651,693,1235,56.1,8457,6.8,6.5,48,31,121.4,208,-242,-1.2,6,0,0,0,0,0,0,0,0,0,0,0,0,0,0,0,0,0,0,0,0,0,0,0,0
2016,5,3,91,Jacoby Brissett,76,233,Patriots,16,0.75,3,North Carolina State,ACC,0.607,499,839,59.5,5723,6.8,7.1,46,15,131.3,283,902,3.2,12,48,18,30,0,0.38,85.3,981,1600,619,61.3,10574,51,23,3,1.4,7.51,6.6,6.6,5.63,10.8,133.8,42.8,4,5
2016,6,3,93,Cody Kessler,73,213,Browns,0,0.188,28,USC,Pac 12,0.653,851,1261,67.5,10339,8.2,8.9,88,19,156.4,158,-425,-2.7,7,12,2,10,0,0.17,83.7,224,349,125,64.2,2215,8,5,0,1.4,12.31,6.3,6.16,4.56,9.9,130.3,42.5,0,0
2016,7,4,100,Connor Cook,76,218,Raiders,1,0.438,16,Michigan State,Big Ten,0.651,673,1170,57.5,9194,7.9,8.2,71,22,139.8,176,209,1.2,3,0,0,0,0,0,83.4,14,21,7,66.7,150,1,1,0,4.8,8.7,7.1,5.95,5.13,10.7,150,47.8,0,0
2016,8,4,135,Dak Prescott,74,229,Cowboys,6,0.25,29,Mississippi State,SEC,0.68,734,1169,62.8,9376,8,8.3,70,23,146,536,2521,4.7,41,114,73,41,0,0.64,99,2595,3873,1278,67,29459,202,74,9,1.9,5.72,7.6,7.79,7,11.4,258.4,50,14,22
2016,9,4,139,Cardale Jones,77,249,Bills,1,0.5,11,Ohio State,Big Ten,0.651,166,269,61.7,2322,8.6,8.6,15,7,147.4,153,617,4,4,0,0,0,0,0,46,6,11,5,54.5,96,0,1,0,9.1,8.33,8.7,4.64,4.08,16,96,50,0,0
2016,10,5,162,Kevin Hogan,76,216,Chiefs,3,0.688,8,Stanford,Pac 12,0.653,727,1103,65.9,9385,8.5,8.7,75,29,154.6,315,1249,4,15,1,0,1,0,0,61.5,60,101,41,59.4,621,4,7,1,6.9,7.34,6.1,3.82,3.13,10.4,69,38.5,0,0
2016,11,6,187,Nate Sudfeld,78,238,Redskins,2,0.563,9,Independentiana,Big Ten,0.651,593,983,60.3,7879,8,8.3,61,20,144.1,135,132,1,8,0,0,0,0,0,77.3,25,37,12,67.6,188,1,1,0,2.7,13.95,5.1,4.41,2.7,7.5,31.3,37.2,0,0
2016,12,6,191,Jake Rudock,75,207,Lions,2,0.438,17,Michigan,Big Ten,0.651,666,1080,61.7,7836,7.3,7.1,54,27,134.1,192,560,2.9,12,0,0,0,0,0,32.5,3,5,2,60,24,0,1,1,20,0,4.8,-4.2,-4.2,8,8,40,0,0
2016,13,6,201,Brandon Allen,74,209,Jaguars,3,0.313,13,Arkansas,SEC,0.68,583,1016,57.4,7463,7.3,7.5,64,26,134.8,134,136,1,4,9,2,7,0,0.22,78,149,263,114,56.7,1611,10,6,0,2.3,7.39,6.1,5.86,4.92,10.8,107.4,36.3,1,2
2016,14,6,207,Jeff Driskel,76,229,49ers,0,0.313,30,Louisiana Tech,CUSA,0.418,607,1000,60.7,7437,7.4,7.2,50,28,134.1,312,972,3.1,14,12,1,10,0,0.08,79.4,229,391,162,58.6,2394,16,10,0,2.6,9.91,6.1,5.79,4.51,10.5,99.8,37.3,0,0
2016,15,7,223,Brandon Doughty,75,218,Dolphins,0,0.375,25,Western Kentucky,CUSA,0.418,1023,1491,68.6,12855,8.6,9.1,111,34,161,102,-285,-2.8,3,0,0,0,0,0,0,0,0,0,0,0,0,0,0,0,0,0,0,0,0,0,0,0,0
2015,1,1,1,Jameis Winston,76,229,Buccaneers,1,0.125,29,Florida State,ACC,0.614,562,851,66,7964,9.4,9.4,65,28,163.3,145,284,2,7,80,34,46,0,0.43,87,1763,2882,1119,61.2,22104,141,99,12,3.4,6.34,7.7,7.1,6.25,12.5,237.7,47.2,8,13
2015,2,1,2,Marcus Mariota,74,222,Titans,1,0.125,30,Oregon,Pac 12,0.66,779,1167,66.8,10796,9.3,10.5,105,14,171.8,337,2237,6.6,29,74,34,40,0,0.46,89.2,1327,2118,791,62.7,15820,93,55,6,2.6,8.07,7.5,7.18,6.08,11.9,175.8,44.5,11,14
2015,3,3,75,Garrett Grayson,74,213,Saints,2,0.438,9,Colorado State,MWC,0.505,688,1113,61.8,9190,8.3,8.3,64,27,145.3,212,283,1.3,4,0,0,0,0,0,0,0,0,0,0,0,0,0,0,0,0,0,0,0,0,0,0,0,0
2015,4,3,89,Sean Mannion,77,229,Rams,3,0.375,21,Oregon State,Pac 12,0.66,1187,1838,64.6,13600,7.4,7,83,54,135.8,132,-804,-6.1,2,3,0,3,0,0,66.2,67,110,43,60.9,573,1,3,1,2.7,4.35,5.2,4.16,3.68,8.6,40.9,34.8,0,0
2015,5,4,103,Bryce Petty,75,230,Jets,0,0.25,28,Baylor,Big 12,0.589,530,845,62.7,8195,9.7,10.6,62,10,166,192,338,1.8,21,7,1,6,0,0.14,57.7,130,245,115,53.1,1353,4,10,0,4.1,7.89,5.5,4.01,3.19,10.4,135.3,34.6,1,1
2015,6,5,147,Brett Hundley,75,226,Packers,9,0.75,1,UCLA,Pac 12,0.66,837,1241,67.4,9966,8,8.3,75,25,150.8,479,1747,3.6,30,9,3,6,0,0.33,67.6,199,337,138,59.1,1902,9,13,0,3.9,8.42,5.6,4.44,3.5,9.6,105.7,38.9,2,2
2015,7,7,250,Trevor Siemian,75,215,Broncos,0,0.75,2,Northwestern,Big Ten,0.611,550,934,58.9,5931,6.4,5.8,27,24,116.6,142,-23,-0.2,6,33,15,18,0,0.45,78.7,707,1208,501,58.5,7751,44,32,5,2.6,6.57,6.4,5.95,5.14,11,193.8,40.9,5,4
2014,1,1,3,Blake Bortles,76,232,Jaguars,1,0.25,28,Central Florida,American,0.479,585,891,65.7,7598,8.5,8.8,56,19,153.8,195,561,2.9,15,73,24,49,0,0.33,80.6,1562,2634,1072,59.3,17649,103,75,13,2.8,6.89,6.7,6.2,5.36,11.3,226.3,43.2,6,8
2014,2,1,22,Johnny Manziel,73,207,Browns,0,0.25,23,Texas A&M,SEC,0.673,595,863,68.9,7820,9.1,9.4,63,22,164.1,345,2169,6.3,30,8,2,6,0,0.25,74.4,147,258,111,57,1675,7,7,0,2.7,7.86,6.5,5.81,4.76,11.4,119.6,39.6,0,0
2014,3,1,32,Teddy Bridgewater,75,214,Vikings,0,0.344,12,Louisville,ACC,0.599,781,1142,68.4,9817,8.6,8.9,72,24,157.2,226,170,0.8,6,65,33,32,0,0.51,90.5,1372,2067,695,66.4,15120,75,47,2,2.3,7.43,7.3,7.02,6,11,191.4,44.6,5,7
2014,4,2,36,Derek Carr,75,215,Raiders,2,0.25,20,Fresno State,MWC,0.455,1087,1630,66.7,12843,7.9,8.6,113,24,152.8,164,190,1.2,5,159,72,87,0,0.45,92.3,3576,5506,1930,64.9,39100,242,107,16,1.9,5.09,7.1,7.11,6.43,10.9,245.9,46.3,28,34
2014,5,2,62,Jimmy Garoppolo,75,226,Patriots,14,0.75,3,Eastern Illinois,FCS,0,1009,1618,62,12835,0,0,116,51,0,250,-79,-0.3,6,63,43,20,0,0.68,97.6,1277,1895,618,67.4,15494,94,51,2,2.7,6.74,8.2,7.96,6.97,12.1,191.3,49.9,13,13
2014,6,4,120,Logan Thomas,78,248,Cardinals,1,0.625,13,Virginia Tech,ACC,0.599,693,1248,55.5,9003,7.2,6.6,52,39,123.6,495,1359,2.7,24,0,0,0,0,0,0,0,0,0,0,0,0,0,0,0,0,0,0,0,0,0,0,0,0
2014,7,4,135,Tom Savage,77,228,Texans,0,0.125,27,Pittsburgh,ACC,0.599,430,757,56.8,5690,7.5,7.4,37,19,131.1,167,-319,-1.9,4,9,2,7,0,0.22,72.5,181,315,134,57.5,2000,5,7,0,2.2,7.89,6.3,5.67,4.63,11,153.8,40.6,3,3
2014,8,5,163,Aaron Murray,73,207,Chiefs,1,0.688,6,Georgia,SEC,0.673,921,1478,62.3,13166,8.9,9.3,121,41,158.6,286,396,1.4,16,0,0,0,0,0,0,0,0,0,0,0,0,0,0,0,0,0,0,0,0,0,0,0,0
2014,9,5,164,A.J. McCarron,76,220,Bengals,11,0.688,6,Alabama,SEC,0.673,686,1026,66.9,9019,8.8,9.6,77,15,162.5,119,-50,-0.4,3,4,2,2,0,0.5,86.6,113,179,66,63.1,1192,6,3,1,1.7,10.5,6.7,6.58,5.17,10.5,62.7,42,0,0
2014,10,6,178,Zach Mettenberger,77,224,Titans,0,0.438,15,Louisiana State,SEC,0.673,407,659,61.8,5783,8.8,8.8,35,15,148.4,83,-313,-3.8,0,10,0,10,0,0,75.4,208,345,137,60.3,2347,12,14,2,4.1,8.24,6.8,5.67,4.58,11.3,167.6,39.4,0,0
2014,11,6,183,David Fales,75,220,Bears,1,0.5,2,San Jose State,MWC,0.455,639,938,68.1,8382,8.9,9.3,66,22,161.7,90,-132,-1.5,2,0,0,0,0,0,79.1,31,48,17,64.6,287,1,1,0,2.1,5.88,6,5.46,4.75,9.3,57.4,45.1,0,0
2014,12,6,194,Keith Wenning,75,218,Ravens,6,0.5,21,Ball State,MAC,0.399,1035,1642,63,11402,6.9,6.9,92,42,134.7,190,328,1.7,13,0,0,0,0,0,0,0,0,0,0,0,0,0,0,0,0,0,0,0,0,0,0,0,0
2014,13,6,213,Tajh Boyd,72,215,Jets,5,0.5,25,Clemson,ACC,0.599,901,1402,64.3,11904,8.5,8.8,107,39,155.2,505,1165,2.3,26,0,0,0,0,0,0,0,0,0,0,0,0,0,0,0,0,0,0,0,0,0,0,0,0
2014,14,6,214,Garrett Gilbert,76,221,Rams,2,0.438,17,Southern Methodist,American,0.479,908,1548,58.7,9761,6.3,5.6,49,45,116.3,295,1013,3.4,20,2,0,2,0,0,75.2,43,75,32,57.3,477,1,1,0,1.3,6.25,6.4,6.03,5.05,11.1,59.6,40,0,0
2013,1,1,16,EJ Manuel,77,237,Bills,0,0.375,20,Florida State,ACC,0.536,600,897,66.9,7741,8.6,8.3,47,28,150.4,298,827,2.8,11,18,6,12,0,0.33,77.1,343,590,247,58.1,3767,20,16,2,2.7,7.38,6.4,5.84,4.95,11,125.6,41.6,1,3
2013,2,2,39,Geno Smith,74,218,Jets,4,0.375,27,West Virginia,Big 12,0.648,988,1465,67.4,11662,8,8.7,98,21,153.5,245,342,1.4,4,66,30,36,0,0.45,86.6,1314,2077,763,63.3,14823,84,57,9,2.7,7.65,7.1,6.71,5.64,11.3,192.5,44.6,9,15
2013,3,3,73,Mike Glennon,79,225,Buccaneers,1,0.438,13,North Carolina State,ACC,0.536,646,1069,60.4,7411,6.9,6.8,63,31,132.3,111,-280,-2.5,3,31,6,25,0,0.19,78.6,689,1147,458,60.1,7025,47,35,3,3.1,6.75,6.1,5.57,4.7,10.2,175.6,40.2,3,4
2013,4,4,98,Matt Barkley,75,227,Eagles,0,0.25,28,USC,Pac 12,0.611,1001,1562,64.1,12327,7.9,8,116,48,148.7,132,-113,-0.9,6,7,2,5,0,0.29,66.6,212,363,151,58.4,2699,11,22,0,6.1,3.46,7.4,5.31,4.89,12.7,135,48.7,0,0
2013,5,4,110,Ryan Nassib,74,227,Giants,9,0.563,6,Syracuse,ACC,0.536,791,1312,60.3,9190,7,7.1,70,28,132.5,242,168,0.7,5,0,0,0,0,0,152.1,9,10,1,90,128,1,0,0,0,16.67,12.8,14.8,11.42,14.2,25.6,75,0,0
2013,6,4,112,Tyler Wilson,74,215,Raiders,1,0.25,25,Arkansas,SEC,0.673,593,948,62.6,7765,8.2,8.1,52,26,144,110,-44,-0.4,4,0,0,0,0,0,0,0,0,0,0,0,0,0,0,0,0,0,0,0,0,0,0,0,0
2013,7,4,115,Landry Jones,74,225,Steelers,6,0.5,21,Oklahoma,Big 12,0.648,1388,2183,63.6,16646,7.6,7.7,123,52,141.5,132,-375,-2.8,3,5,3,2,0,0.6,86.2,108,169,61,63.9,1310,8,7,0,4.1,5.06,7.8,6.83,6.12,12.1,72.8,42.1,1,2
2013,8,7,221,Brad Sorensen,76,237,Chargers,0,0.438,19,Southern Utah,FCS,0,822,1254,0,9445,0,0,61,0,0,0,0,0,0,0,0,0,0,0,0,0,0,0,0,0,0,0,0,0,0,0,0,0,0,0,0,0,0
2013,9,7,234,Zac Dysert,75,231,Broncos,2,0.813,2,Miami (OH),MAC,0.456,1066,1672,63.8,12013,7.2,6.7,73,51,132.4,461,665,1.4,12,0,0,0,0,0,0,0,0,0,0,0,0,0,0,0,0,0,0,0,0,0,0,0,0
2013,10,7,237,B.J. Daniels,71,217,49ers,2,0.719,11,South Florida,Big East,0.555,649,1132,57.3,8433,7.4,6.8,52,39,128.2,526,2068,3.9,25,0,0,0,0,0,58.3,1,2,1,50,7,0,0,0,0,0,3.5,3.5,3.5,7,0.9,0,0,0
2013,11,7,249,Sean Renfree,75,219,Falcons,5,0.813,7,Duke,ACC,0.536,898,1389,64.7,9465,6.8,6.3,51,40,128.2,153,-167,-1.1,9,0,0,0,0,0,10.7,3,7,4,42.9,11,0,1,0,14.3,22.22,1.6,-4.86,-5.67,3.7,5.5,22.2,0,0
2012,1,1,1,Andrew Luck,76,234,Colts,0,0.125,26,Stanford,Pac 12,0.579,713,1064,67,9430,8.9,9.5,82,22,162.8,163,957,5.9,7,86,53,33,0,0.62,89.5,2000,3290,1290,60.8,23671,171,83,10,2.5,5.02,7.2,7.1,6.42,11.8,275.2,47,16,20
2012,2,1,2,Robert Griffin,74,223,Redskins,2,0.313,24,Baylor,Big 12,0.686,800,1192,67.1,10366,8.7,9.4,78,17,158.9,528,2254,4.3,33,0,0,0,0,0,0,0,0,0,0,0,0,0,0,0,0,0,0,0,0,0,0,0,0
2012,3,1,8,Ryan Tannehill,76,221,Dolphins,0,0.375,19,Texas A&M,SEC,0.654,484,774,62.5,5450,7,6.9,42,21,134.2,115,369,3.2,5,151,81,70,0,0.54,91.2,3063,4764,1701,64.3,34881,216,115,10,2.4,8.01,7.3,7.14,5.98,11.4,225,45.4,26,27
2012,4,1,22,Brandon Weeden,76,221,Browns,1,0.25,27,Oklahoma State,Big 12,0.686,767,1103,69.5,9260,8.4,8.7,75,27,157.6,39,-150,-3.8,1,25,6,19,0,0.24,76,559,965,406,57.9,6462,31,30,3,3.1,6.4,6.7,5.94,5.12,11.6,184.6,40,2,3
2012,5,2,57,Brock Osweiler,79,242,Broncos,1,0.5,23,Arizona State,Pac 12,0.579,412,680,60.6,5082,7.5,7.5,33,15,135,137,221,1.6,4,30,15,15,0,0.5,78,697,1165,468,59.8,7418,37,31,0,2.7,6.35,6.4,5.81,4.99,10.6,151.4,42.7,5,5
2012,6,3,75,Russell Wilson,71,204,Seahawks,2,0.438,21,Wisconsin,Big Ten,0.59,907,1489,60.9,11720,7.9,8.4,109,30,147.2,441,1421,3.2,23,188,115,72,1,0.61,100,3668,5665,1997,64.7,43653,334,106,7,1.9,8.51,7.7,8.04,6.8,11.9,232.2,45.6,31,39
2012,7,3,88,Nick Foles,77,243,Eagles,3,0.5,7,Arizona,Pac 12,0.579,938,1404,66.8,10068,7.2,7.1,67,33,138.1,106,-290,-2.7,4,58,29,29,0,0.5,86.2,1302,2087,785,62.4,14227,82,47,5,2.3,5.74,6.8,6.59,5.82,10.9,200.4,41.1,11,13
2012,8,4,102,Kirk Cousins,75,214,Redskins,2,0.313,24,Michigan State,Big Ten,0.59,723,1128,64.1,9131,8.1,8.1,66,30,146.1,111,-127,-1.1,1,145,76,67,2,0.52,98.2,3465,5177,1712,66.9,39471,270,110,14,2.1,5.55,7.6,7.71,6.88,11.4,263.1,48.3,22,28
2012,9,6,185,Ryan LIndependentley,76,229,Cardinals,5,0.5,22,San Diego State,MWC,0.487,961,1732,55.5,12690,7.3,7.1,90,47,128.8,90,-275,-3.1,2,0,0,0,0,0,0,0,0,0,0,0,0,0,0,0,0,0,0,0,0,0,0,0,0
2012,10,7,243,B.J. Coleman,75,233,Packers,6,0.938,1,Tennessee-Chattanooga,FCS,0,0,0,0,0,0,0,0,0,0,0,0,0,0,0,0,0,0,0,0,0,0,0,0,0,0,0,0,0,0,0,0,0,0,0,0,0,0
2012,11,7,253,Chandler Harnish,74,219,Colts,0,0.125,26,Northern Illinois,MAC,0.451,687,1110,61.9,8944,8.1,8.2,68,26,145.1,538,2983,5.5,24,0,0,0,0,0,0,0,0,0,0,0,0,0,0,0,0,0,0,0,0,0,0,0,0
2011,1,1,1,Cam Newton,77,244,Panthers,0,0.125,30,Auburn,SEC,0.664,191,292,65.4,2908,10,10.9,30,7,178.2,285,1586,5.6,24,144,75,68,1,0.52,85.2,2682,4474,1792,59.9,32382,194,123,12,2.7,6.91,7.2,6.87,5.88,12.1,218.8,44.6,16,20
2011,2,1,8,Jake Locker,75,227,Titans,0,0.375,16,Washington,Pac 10,0.631,619,1147,54,7639,6.7,6.2,53,35,119.1,454,1939,4.3,29,23,9,14,0,0.39,79,408,709,301,57.5,4967,27,22,1,3.1,7.8,7,6.37,5.38,12.2,165.6,39.7,1,3
2011,3,1,10,Blaine Gabbert,74,234,Jaguars,8,0.5,17,Missouri,SEC,0.664,568,933,60.9,6822,7.3,7.3,40,18,132.6,221,458,2.1,8,49,14,35,0,0.29,71.7,882,1568,686,56.3,9487,51,50,7,3.2,8.25,6.1,5.27,4.28,10.8,137.5,36.3,8,8
2011,4,1,12,Christian Ponder,74,229,Vikings,1,0.375,27,Florida State,ACC,0.592,596,965,61.8,6872,7.1,6.7,49,30,132.1,296,833,2.8,10,36,14,21,1,0.39,75.9,632,1057,425,59.8,6658,38,36,7,3.4,8.25,6.3,5.49,4.6,10.5,175.2,41.1,2,3
2011,5,2,35,Andy Dalton,74,210,Bengals,8,0.25,21,Texas Christian,MWC,0.536,812,1317,61.7,10314,7.8,7.9,71,30,140.7,413,1611,3.9,22,163,83,78,2,0.51,87.6,3408,5454,2046,62.5,38511,246,144,18,2.6,6,7.1,6.78,5.98,11.3,227.9,45.3,25,29
2011,6,2,36,Colin Kaepernick,77,233,49ers,0,0.375,23,Nevada,WAC,0.532,740,1271,58.2,10098,7.9,8.4,82,24,142.5,600,4112,6.9,59,58,28,30,0,0.48,88.9,1011,1692,681,59.8,12271,72,30,3,1.8,9.18,7.3,7.31,6.07,12.1,177.8,42.4,7,7
2011,7,3,74,Ryan Mallett,79,247,Patriots,11,0.875,1,Arkansas,SEC,0.664,552,955,57.8,8385,8.8,9.1,69,24,150.4,135,-141,-1,7,8,3,5,0,0.38,66.8,190,345,155,55.1,1835,9,10,0,2.9,1.99,5.3,4.54,4.34,9.7,87.4,41.5,0,0
2011,8,5,135,Ricky Stanzi,76,223,Chiefs,0,0.625,13,Iowa,Big Ten,0.607,542,907,59.8,7377,8.1,7.8,56,31,141.6,160,-4,0,2,0,0,0,0,0,0,0,0,0,0,0,0,0,0,0,0,0,0,0,0,0,0,0,0
2011,9,5,152,T.J. Yates,75,219,Texans,5,0.375,8,North Carolina,ACC,0.592,795,1277,62.3,9377,7.3,6.6,58,46,131.7,220,-333,-1.5,7,10,4,6,0,0.4,70.7,179,324,145,55.2,2057,10,11,2,3.4,10,6.3,5.44,4.37,11.5,93.5,38.1,2,3
2011,10,5,160,Nathan Enderle,76,240,Bears,7,0.688,20,Idaho,WAC,0.532,779,1427,54.6,10084,7.1,6.2,74,60,122.7,228,-349,-1.5,3,0,0,0,0,0,0,0,0,0,0,0,0,0,0,0,0,0,0,0,0,0,0,0,0
2011,11,6,180,Tyrod Taylor,73,217,Ravens,3,0.75,15,Virginia Tech,ACC,0.592,495,865,57.2,7017,8.1,8.1,44,20,137.5,501,2196,4.4,23,58,28,28,1,0.48,88.3,1068,1730,662,61.7,12135,65,29,2,1.7,9.28,7,7.01,5.83,11.4,131.9,42.1,5,6
2011,12,7,208,Greg McElroy,74,220,Jets,2,0.688,12,Alabama,SEC,0.664,436,658,66.3,5691,8.6,9.2,39,10,155.4,114,71,0.6,2,1,0,1,0,0,79.2,19,31,12,61.3,214,1,1,0,3.2,26.19,6.9,6.1,2.81,11.3,107,35.7,1,1
2010,1,1,1,Sam Bradford,77,236,Rams,1,0.063,32,Oklahoma,Big 12,0.62,604,893,67.6,8403,9.4,10.6,88,16,175.6,77,36,0.5,5,83,34,48,1,0.41,84.5,1855,2967,1112,62.5,19449,103,61,8,2.1,6.2,6.6,6.32,5.5,10.5,234.3,43.8,7,8
2010,2,1,25,Tim Tebow,75,236,Broncos,1,0.5,20,Florida,SEC,0.722,661,995,66.4,9285,9.3,10.4,88,16,170.8,692,2947,4.3,57,16,8,6,0,0.5,75.3,173,361,188,47.9,2422,17,9,2,2.5,10.2,6.7,6.53,5.22,14,69.2,35.3,6,6
2010,3,2,48,Jimmy Clausen,75,222,Panthers,8,0.5,21,Notre Dame,Independent,0.529,695,1110,62.6,8148,7.3,7.3,60,27,137.2,175,-355,-2,5,14,1,13,0,0.07,61.9,255,472,217,54,2520,7,14,3,3,8.35,5.3,4.3,3.4,9.9,120,32,0,0
2010,4,3,85,Colt McCoy,73,216,Browns,1,0.313,29,Texas,Big 12,0.62,1157,1645,70.3,13253,8.1,8.2,112,45,155,447,1571,3.5,20,36,11,25,0,0.31,79.9,764,1220,456,62.6,7975,34,32,1,2.6,8.48,6.5,5.91,4.89,10.4,142.4,42.2,2,5
2010,5,4,122,Mike Kafka,75,222,Eagles,11,0.688,5,Northwestern,Big Ten,0.611,408,637,64.1,4265,6.7,5.9,19,20,123.9,268,887,3.3,11,0,0,0,0,0,47.7,11,16,5,68.8,107,0,2,0,12.5,5.88,6.7,1.06,0.65,9.7,26.8,41.2,0,0
2010,6,5,155,John Skelton,77,241,Cardinals,3,0.625,11,Fordham,FCS,0,0,0,0,0,0,0,0,0,0,0,0,0,0,17,8,9,0,0.47,63,320,602,282,53.2,3707,15,25,3,4.2,7.24,6.2,4.79,3.94,11.6,185.4,38.4,6,7
2010,7,5,168,Jonathan Crompton,75,222,Chargers,3,0.813,4,Tennessee,SEC,0.722,348,629,55.3,4187,6.7,6.2,36,22,123.1,101,-16,-0.2,3,0,0,0,0,0,0,0,0,0,0,0,0,0,0,0,0,0,0,0,0,0,0,0,0
2010,8,6,176,Rusty Smith,77,224,Titans,6,0.5,16,Florida Atlantic,Sun Belt,0.402,768,1361,56.4,10112,7.4,7.4,76,36,132,115,-335,-2.9,5,1,0,1,0,0,29.3,23,45,22,51.1,234,0,4,0,8.9,2.17,5.2,1.2,1.17,10.2,78,26.1,0,0
2010,9,6,181,Dan LeFevour,75,230,Bears,6,0.438,19,Central Michigan,MAC,0.398,1171,1763,66.4,12905,7.3,7.6,102,36,142.9,671,2948,4.4,47,0,0,0,0,0,0,0,0,0,0,0,0,0,0,0,0,0,0,0,0,0,0,0,0
2010,10,6,199,Joe Webb,75,223,Vikings,0,0.75,2,Alabama-Birmingham,CUSA,0.45,468,792,59.1,5771,7.3,6.8,37,25,129.4,516,2774,5.4,24,4,1,1,0,0.25,63.1,90,159,69,56.6,888,3,6,0,3.8,6.47,5.6,4.26,3.58,9.9,8.5,38.8,0,2
2010,11,6,204,Tony Pike,78,223,Panthers,8,0.5,21,Cincinnati,Big East,0.653,421,682,61.7,5018,7.4,7.5,49,20,141.4,94,128,1.4,3,0,0,0,0,0,60.1,6,12,6,50,47,0,0,0,0,7.69,3.9,3.92,2.85,7.8,47,38.5,0,0
2010,12,7,209,Levi Brown,75,228,Bills,0,0.375,28,Troy,Sun Belt,0.402,522,830,62.9,6284,7.6,7.8,38,12,138.7,87,24,0.3,1,0,0,0,0,0,51.4,2,3,1,66.7,24,0,1,0,33.3,0,8,-7,-7,12,24,66.7,0,0
2010,13,7,239,Sean Canfield,76,224,Saints,5,0.813,1,Oregon State,Pac 10,0.602,552,861,64.1,5970,6.9,6.5,38,26,130.9,93,-313,-3.4,3,0,0,0,0,0,0,0,0,0,0,0,0,0,0,0,0,0,0,0,0,0,0,0,0
2010,14,7,250,Zac Robinson,74,214,Patriots,10,0.625,6,Oklahoma State,Big 12,0.62,610,999,61.1,8317,8.3,8.3,66,31,146.6,426,1858,4.4,22,0,0,0,0,0,0,0,0,0,0,0,0,0,0,0,0,0,0,0,0,0,0,0,0
2009,1,1,1,Matthew Stafford,74,225,Lions,0,0,25,Georgia,SEC,0.627,564,987,57.1,7731,7.8,7.4,51,33,133.3,141,213,1.5,6,206,98,107,1,0.48,91,4834,7649,2815,63.2,56047,357,180,30,2.4,5.84,7.3,7.2,6.39,11.6,272.1,47.3,35,44
2009,2,1,5,Mark Sanchez,74,227,Jets,0,0.563,8,USC,Pac 12,0,313,487,64.3,3965,8.1,8.3,41,16,153.9,70,33,0.5,4,73,37,36,0,0.51,73.2,1314,2320,1006,56.6,15357,86,89,9,3.8,6.75,6.6,5.63,4.82,11.7,194.4,41.6,8,10
2009,3,1,17,Josh Freeman,78,248,Buccaneers,0,0.563,17,Kansas State,Big 12,0.623,680,1151,59.1,8078,7,6.5,44,34,124.7,214,343,1.6,20,61,25,36,0,0.41,77.6,1179,2048,869,57.6,13873,81,68,6,3.3,5.19,6.8,6.07,5.44,11.8,223.8,42.3,9,10
2009,4,2,44,Pat White,72,197,Dolphins,1,0.688,19,West Virginia,ACC,0.623,507,783,64.8,6049,7.7,7.8,56,23,147.4,684,4480,6.5,47,0,0,0,0,0,0,0,0,0,0,0,0,0,0,0,0,0,0,0,0,0,0,0,0
2009,5,4,101,Stephen McGee,75,225,Cowboys,2,0.563,16,Texas A&M,Big 12,0.623,485,815,59.5,5475,6.7,6.7,28,13,124.1,387,1750,4.5,11,1,1,0,0,1,82.4,46,82,36,56.1,420,3,0,0,0,6.82,5.1,5.85,4.89,9.1,140,31.8,1,1
2009,6,5,151,Rhett Bomar,74,225,Giants,5,0.75,3,Sam Houston State,Big 12,0.623,167,308,54.2,2018,6.6,5.7,10,10,113.5,89,184,2.1,4,0,0,0,0,0,0,0,0,0,0,0,0,0,0,0,0,0,0,0,0,0,0,0,0
2009,7,5,171,Nate Davis,73,226,49ers,1,0.438,20,Ball State,MAC,0.448,678,1124,60.3,9233,8.2,8.7,74,22,147.1,173,499,2.9,10,0,0,0,0,0,0,0,0,0,0,0,0,0,0,0,0,0,0,0,0,0,0,0,0
2009,8,6,174,Tom Brandstater,77,220,Broncos,0,0.5,14,Fresno State,WAC,0.477,584,989,59,6857,6.9,6.4,47,32,126.5,132,152,1.2,8,0,0,0,0,0,39.6,0,2,2,0,0,0,0,0,0,0,0,0,0,0,0,0,0,0
2009,9,6,178,Mike Teel,75,225,Seahawks,0,0.25,23,Rutgers,Big East,0.598,661,1142,57.9,9383,8.2,7.3,59,49,135.4,56,-210,-3.8,2,0,0,0,0,0,0,0,0,0,0,0,0,0,0,0,0,0,0,0,0,0,0,0,0
2009,10,6,196,Keith Null,76,222,Rams,0,0.125,28,West Texas A&M,D2,0,0,0,0,0,0,0,0,0,0,0,0,0,0,4,0,4,0,0,49.9,73,119,46,61.3,566,3,9,1,7.6,9.85,4.8,1.86,1.05,7.8,141.5,39.4,0,0
2009,11,6,201,Curtis Painter,75,225,Colts,0,0.75,12,Purdue,Big Ten,0.588,987,1648,59.9,11163,6.8,6.3,67,46,124.6,225,348,1.5,13,8,0,8,0,0,57.6,148,287,139,51.6,1681,6,13,1,4.5,6.51,5.9,4.24,3.55,11.4,120.1,35.2,0,0
2008,1,1,3,Matt Ryan,76,228,Falcons,0,0.25,24,Boston College,ACC,0.587,807,1347,59.9,9313,6.9,6.5,56,37,126.2,168,58,0.3,11,234,124,109,1,0.53,93.6,5551,8464,2913,65.6,62792,381,183,20,2.2,5.45,7.4,7.35,6.58,11.3,268.3,48.3,38,46
2008,2,1,18,Joe Flacco,78,236,Ravens,0,0.313,20,Delaware,FCS,0,596,942,0,7057,0,0,41,15,0,153,76,0,9,185,103,82,0,0.56,84.2,4004,6503,2499,61.6,43936,245,155,13,2.4,5.6,6.8,6.44,5.68,11,233.7,43.2,20,26
2008,3,2,56,Brian Brohm,74,230,Packers,2,0.813,4,Louisville,ACC,0.587,780,1185,65.8,10775,9.1,9.4,71,24,157.9,172,44,0.3,9,2,0,2,0,0,26,27,52,25,51.9,252,0,5,1,9.6,8.77,4.8,0.52,0.25,9.3,84,36.8,0,0
2008,4,2,57,Chad Henne,74,235,Dolphins,0,0.063,22,Michigan,Big Ten,0.592,828,1387,59.7,9715,7,7.1,87,37,133.9,180,-315,-1.8,3,54,18,36,0,0.33,76.1,1200,2015,815,59.6,13290,60,63,7,3.1,6.97,6.6,5.78,4.95,11.1,170.4,42.8,4,5
2008,5,3,94,Kevin O'Connell,77,225,Patriots,8,1,1,San Diego State,MWC,0.549,664,1151,57.7,7689,6.7,6.2,46,34,121.1,395,1312,3.3,19,0,0,0,0,0,73.6,4,6,2,66.7,23,0,0,0,0,14.29,3.8,3.83,3,5.8,11.5,28.6,0,0
2008,6,5,137,John David Booty,74,218,Vikings,2,0.5,13,USC,Pac 10,0.635,518,832,62.3,6125,7.4,7.5,55,21,140.9,61,-180,-3,2,0,0,0,0,0,0,0,0,0,0,0,0,0,0,0,0,0,0,0,0,0,0,0,0
2008,7,5,156,Dennis Dixon,75,195,Steelers,1,0.625,9,Oregon,Pac 10,0.635,444,695,63.9,5129,7.4,7.1,38,21,137.9,258,1208,4.7,12,3,2,1,0,0.67,71.4,35,59,24,59.3,402,1,2,0,3.4,7.81,6.8,5.63,4.55,11.5,100.5,37.5,0,1
2008,8,5,160,Josh Johnson,74,213,Buccaneers,6,0.563,16,San Diego,FCS,0,0,0,0,0,0,0,0,0,0,0,0,0,0,9,1,8,0,0.11,70.6,206,355,149,58,2280,13,16,2,4.5,7.55,6.4,5.13,4.25,11.1,58.5,42.7,1,1
2008,9,5,162,Erik Ainge,77,225,Jets,2,0.25,21,Tennessee,SEC,0.677,733,1210,60.6,8700,7.2,7.1,72,35,134.8,82,-227,-2.8,1,0,0,0,0,0,0,0,0,0,0,0,0,0,0,0,0,0,0,0,0,0,0,0,0
2008,10,6,186,Colt Brennan,74,207,Redskins,0,0.563,16,Hawaii,WAC,0.455,1115,1584,70.4,14193,9,9.4,131,42,167.6,267,547,2,15,0,0,0,0,0,0,0,0,0,0,0,0,0,0,0,0,0,0,0,0,0,0,0,0
2008,11,6,198,Andre' Woodson,76,229,Giants,4,0.625,12,Kentucky,SEC,0.677,791,1278,61.9,9360,7.3,7.7,79,25,139.9,232,-490,-2.1,5,0,0,0,0,0,0,0,0,0,0,0,0,0,0,0,0,0,0,0,0,0,0,0,0
2008,12,7,209,Matt Flynn,74,230,Packers,2,0.813,4,Louisiana State,SEC,0.677,245,437,56.1,3096,7.1,7.2,31,13,133,128,340,2.7,5,7,3,4,0,0.43,85.9,219,357,138,61.3,2541,17,11,4,3.1,9.85,7.1,6.68,5.5,11.6,49.8,43.7,4,3
2008,13,7,223,Alex Brink,74,211,Texans,2,0.5,11,Washington State,Pac 10,0.635,848,1451,58.4,10913,7.5,7.2,76,43,133,246,98,0.4,5,0,0,0,0,0,0,0,0,0,0,0,0,0,0,0,0,0,0,0,0,0,0,0,0
2007,1,1,1,JaMarcus Russell,78,265,Raiders,0,0.125,30,Louisiana State,SEC,0.685,493,797,61.9,6625,8.3,8.4,52,21,147.9,139,79,0.6,4,25,7,18,0,0.28,65.2,354,680,326,52.1,4083,18,23,0,3.4,9.33,6,5.01,3.93,11.5,131.7,34.3,3,4
2007,2,1,22,Brady Quinn,76,232,Browns,2,0.25,28,Notre Dame,Independent,0.46,929,1602,58,11762,7.3,7.4,95,39,134.4,254,182,0.7,6,20,4,16,0,0.2,64.4,296,550,254,53.8,3043,12,17,3,3.1,6.94,5.5,4.58,3.86,10.3,126.8,35,1,2
2007,3,2,36,Kevin Kolb,75,218,Eagles,8,0.625,5,Houston,CUSA,0.446,964,1565,61.6,12964,8.3,8.5,85,31,145.1,472,751,1.6,21,21,9,12,0,0.43,78.9,449,755,306,59.5,5206,28,25,4,3.3,9.25,6.9,6.15,4.96,11.6,153.1,41.3,4,3
2007,4,2,40,John Beck,74,215,Dolphins,0,0.375,27,Brigham Young,MWC,0.479,885,1418,62.4,11021,7.8,7.8,79,34,141.3,267,38,0.1,9,7,0,7,0,0,67.6,140,239,99,58.6,1417,3,7,0,2.9,9.81,5.9,4.86,3.81,10.1,157.4,41.9,0,0
2007,5,2,43,Drew Stanton,75,226,Lions,1,0.188,19,Michigan State,Big Ten,0.582,543,846,64.2,6524,7.7,7.2,42,28,138.7,332,1512,4.6,15,17,11,6,0,0.65,66.3,345,659,314,52.4,4059,20,24,0,3.6,5.45,6.2,5.13,4.52,11.8,106.8,38,4,4
2007,6,3,92,Trent Edwards,76,231,Bills,1,0.438,21,Stanford,Pac 10,0.636,487,865,56.3,5429,6.3,5.4,36,33,115.1,226,199,0.9,2,33,14,19,0,0.42,75.5,563,929,366,60.6,6033,26,30,6,3.2,6.91,6.5,5.6,4.73,10.7,158.8,41.9,4,5
2007,7,4,103,Isaiah Stanback,74,216,Cowboys,0,0.563,3,Washington,Pac 10,0.636,269,523,51.4,3868,7.4,7.2,22,12,122.9,234,794,3.4,11,0,0,0,0,0,0,0,0,0,0,0,0,0,0,0,0,0,0,0,0,0,0,0,0
2007,8,5,151,Jeff Rowe,77,226,Bengals,4,0.5,7,Nevada,WAC,0.473,682,1122,60.8,7862,7,6.7,55,33,129.9,317,561,1.8,13,0,0,0,0,0,0,0,0,0,0,0,0,0,0,0,0,0,0,0,0,0,0,0,0
2007,9,5,174,Troy Smith,72,225,Ravens,8,0.813,11,Ohio State,Big Ten,0.582,420,670,62.7,5720,8.5,9.3,54,13,157.1,293,1168,4,14,8,4,4,0,0.5,78.5,121,234,113,51.7,1734,8,5,0,2.1,8.95,7.4,7.13,5.94,14.3,86.7,38.5,2,2
2007,10,6,205,Jordan Palmer,78,231,Redskins,3,0.313,18,Texas-El Paso,CUSA,0.446,851,1427,59.6,11084,7.8,7,88,64,136.3,216,-43,-0.2,7,0,0,0,0,0,28.7,11,18,7,61.1,66,0,2,1,11.1,18.18,3.7,-1.33,-2.5,6,13.2,31.8,0,0
2007,11,7,217,Tyler Thigpen,75,235,Vikings,1,0.375,24,Coastal Carolina,Sun Belt,0.361,0,0,0,0,0,0,0,0,0,0,0,0,0,12,1,11,0,0.08,72.5,275,509,234,54,3222,21,18,2,3.5,6.43,6.3,5.56,4.8,11.7,111.1,41.2,0,1
2006,1,1,3,Vince Young,77,209,Titans,12,0.25,21,Texas,Big 12,0.651,444,718,61.8,6040,8.4,7.9,44,28,144.9,457,3127,6.8,37,50,31,19,0,0.62,74.4,755,1304,549,57.9,8964,46,51,3,3.9,5.98,6.9,5.82,5.15,11.9,149.4,41.8,7,13
2006,2,1,10,Matt Leinart,77,223,Cardinals,2,0.313,17,USC,Pac 10,0.609,807,1245,64.8,10693,8.6,9.3,99,23,159.5,132,-70,-0.5,9,18,8,10,0,0.44,70.2,366,641,275,57.1,4065,15,21,1,3.3,4.47,6.3,5.34,4.77,11.1,123.2,41.9,2,2
2006,3,1,11,Jay Cutler,75,226,Broncos,11,0.813,7,Vanderbilt,SEC,0.599,710,1242,57.2,8697,7,6.6,59,36,125.9,453,1256,2.8,17,153,74,79,0,0.48,85.3,3048,4920,1872,62,35133,227,160,19,3.3,6.14,7.1,6.6,5.81,11.5,229.6,45,23,28
2006,4,2,49,Kellen Clemens,74,224,Jets,0,0.25,28,Oregon,Pac 10,0.609,613,1005,61,7555,7.5,7.7,61,24,139.4,273,535,2,6,21,8,13,0,0.38,68.9,350,638,288,54.9,4053,16,21,5,3.3,9.38,6.4,5.37,4.3,11.6,63.3,38.9,1,2
2006,5,2,64,Tarvaris Jackson,74,226,Vikings,0,0.563,19,Alabama State,FCS,0,0,0,0,0,0,0,0,0,0,0,0,0,0,34,17,17,0,0.5,78.5,640,1073,433,59.6,7263,39,35,3,3.3,7.74,6.8,6.03,5.09,11.3,123.1,41.8,3,4
2006,6,3,81,Charlie Whitehurst,77,226,Chargers,4,0.563,5,Clemson,ACC,0.637,817,1368,59.7,9665,7.1,6.3,49,46,124.2,266,98,0.4,10,9,2,7,0,0.22,74.9,219,396,177,55.3,2463,11,8,0,2,8.76,6.2,5.87,4.88,11.2,98.5,36.6,1,1
2006,7,3,85,Brodie Croyle,74,205,Chiefs,0,0.625,6,Alabama,SEC,0.599,488,869,56.2,6382,7.3,7.1,41,22,128,183,-177,-1,4,10,0,10,0,0,67.8,181,319,138,56.7,1669,8,9,2,2.8,7.54,5.2,4.46,3.64,9.2,92.7,38.8,0,0
2006,8,5,148,Ingle Martin,74,220,Packers,0,0.25,22,Furman,FCS,0,0,0,0,0,0,0,0,0,0,0,0,0,0,0,0,0,0,0,0,0,0,0,0,0,0,0,0,0,0,0,0,0,0,0,0,0,0
2006,9,5,164,Omar Jacobs,76,232,Steelers,14,0.688,9,Bowling Green,MAC,0.426,523,811,64.5,6938,8.6,9.7,71,11,162.5,153,451,2.9,7,0,0,0,0,0,0,0,0,0,0,0,0,0,0,0,0,0,0,0,0,0,0,0,0
2006,10,6,193,Reggie McNeal,74,198,Bengals,3,0.688,4,Texas A&M,Big 12,0.651,478,875,54.6,6992,8,7.8,44,23,133.1,411,1889,4.6,15,0,0,0,0,0,0,0,0,0,0,0,0,0,0,0,0,0,0,0,0,0,0,0,0
2006,11,6,194,Bruce Gradkowski,73,217,Buccaneers,4,0.688,20,Toledo,MAC,0.426,766,1123,68.2,9225,8.2,8.6,85,27,157.4,248,1018,4.1,14,20,6,14,0,0.3,65.8,375,709,334,52.9,4057,21,24,1,3.4,6.96,5.7,4.79,4.02,10.8,109.6,36.2,6,7
2006,12,7,223,D.J. Shockley,73,214,Falcons,2,0.5,14,Georgia,SEC,0.599,240,443,54.2,3555,8,8.6,34,9,142.8,154,643,4.2,7,0,0,0,0,0,0,0,0,0,0,0,0,0,0,0,0,0,0,0,0,0,0,0,0
2005,1,1,1,Alex Smith,76,217,49ers,0,0.125,30,Utah,MWC,0.556,389,587,66.3,5203,8.9,9.9,47,8,164.4,286,1072,3.7,15,167,99,67,1,0.59,86.9,3250,5193,1943,62.6,35650,199,109,8,2.1,7.68,6.9,6.69,5.74,11,204.9,42.5,19,23
2005,2,1,24,Aaron Rodgers,74,223,Packers,5,0.625,5,California,Pac 10,0.639,424,665,63.8,5469,8.2,8.6,43,13,150.3,160,336,2.1,8,224,148,75,1,0.66,103.6,5001,7661,2660,65.3,59055,475,105,4,1.4,6.48,7.7,8.33,7.35,11.8,255.6,48.4,21,31
2005,3,1,25,Jason Campbell,77,230,Redskins,1,0.375,31,Auburn,SEC,0.587,552,854,64.6,7299,8.5,8.3,45,24,148.2,249,307,1.2,9,79,32,47,0,0.41,81.7,1519,2518,999,60.3,16771,87,60,5,2.4,6.32,6.7,6.28,5.47,11,186.3,43.3,7,10
2005,4,3,67,Charlie Frye,76,225,Browns,0,0.25,27,Akron,MAC,0.389,913,1436,63.6,11049,7.7,7.6,64,32,138.5,375,429,1.1,19,23,7,16,0,0.3,69.7,419,677,258,61.9,4154,17,29,1,4.3,10.45,6.1,4.71,3.57,9.9,159.8,41,1,1
2005,5,3,69,Andrew Walter,78,233,Raiders,1,0.313,18,Arizona State,Pac 10,0.639,777,1416,54.9,10617,7.5,7.6,85,36,132.6,175,-475,-2.7,0,9,2,7,0,0.22,52.6,174,333,159,52.3,1919,3,16,0,4.8,13.28,5.8,3.78,2.51,11,127.9,35.9,0,0
2005,6,3,85,David Greene,75,226,Seahawks,6,0.563,12,Georgia,SEC,0.587,849,1440,59,11528,8,8,72,32,138.3,204,-258,-1.3,5,0,0,0,0,0,0,0,0,0,0,0,0,0,0,0,0,0,0,0,0,0,0,0,0
2005,7,4,106,Kyle Orton,76,223,Bears,1,0.313,32,Purdue,Big Ten,0.6,748,1262,59.3,8918,7.1,7.2,61,24,130.8,262,333,1.3,6,82,42,40,0,0.51,81.2,1613,2712,1099,59.5,18037,101,69,7,2.5,5.74,6.7,6.25,5.54,11.2,207.3,43,8,9
2005,8,4,121,Stefan Lefors,72,208,Panthers,3,0.438,13,Louisville,ACC,0.623,416,630,66,5853,9.3,9.6,38,13,159.8,146,756,5.2,6,0,0,0,0,0,0,0,0,0,0,0,0,0,0,0,0,0,0,0,0,0,0,0,0
2005,9,5,145,Dan Orlovsky,77,225,Lions,0,0.375,24,Connecticut,Big East,0.535,916,1567,58.5,10706,6.8,6.4,84,51,127,143,-285,-2,6,12,2,10,0,0.17,75.3,298,512,214,58.2,3132,15,13,1,2.5,5.36,6.1,5.56,4.93,10.5,120.5,43.3,1,1
2005,10,5,152,Adrian McPherson,75,218,Saints,5,0.5,14,Florida State,ACC,0.623,98,192,51,1215,6.3,7.6,14,1,127.2,71,196,2.8,0,0,0,0,0,0,0,0,0,0,0,0,0,0,0,0,0,0,0,0,0,0,0,0,0
2005,11,6,213,Derek Anderson,78,242,Ravens,6,0.563,20,Oregon State,Pac 10,0.639,768,1515,50.7,11249,7.4,6.8,79,57,122.7,182,-533,-2.9,8,49,20,29,0,0.41,70.4,909,1674,765,54.3,10878,60,64,9,3.8,4.62,6.5,5.49,4.92,12,139.5,42.3,5,7
2005,12,7,229,James Kilian,75,218,Chiefs,4,0.438,2,Tulsa,WAC,0.504,410,758,54.1,4865,6.4,5.6,36,30,115.8,329,1083,3.3,19,0,0,0,0,0,0,0,0,0,0,0,0,0,0,0,0,0,0,0,0,0,0,0,0
2005,13,7,230,Matt Cassel,76,225,Patriots,5,0.875,4,USC,Pac 10,0.639,20,33,60.6,192,5.8,4.5,0,1,103.4,11,32,2.9,0,81,36,45,0,0.44,78.5,1578,2683,1105,58.8,17508,104,82,10,3.1,7.26,6.5,5.93,5.1,11.1,163.6,41.5,9,12
2005,14,7,250,Ryan Fitzpatrick,74,232,Rams,5,0.5,19,Harvard,IVY,0,0,0,0,0,0,0,0,0,0,0,0,0,0,147,59,87,1,0.4,82.3,3072,5060,1988,60.7,34990,223,169,13,3.3,5.6,6.9,6.29,5.65,11.4,210.8,43.9,13,18
2004,1,1,1,Eli Manning,77,221,Giants,2,0.25,15,Mississippi,SEC,0.627,829,1363,60.8,10119,7.4,7.5,81,35,137.7,128,-135,-1.1,5,234,117,117,0,0.5,84.1,4895,8119,3224,60.3,57023,366,244,22,3,4.82,7,6.57,5.92,11.6,241.6,45.2,27,37
2004,2,1,4,Philip Rivers,77,229,Chargers,2,0.25,27,North Carolina State,ACC,0.619,1087,1710,63.6,13484,7.9,8.1,95,34,144.2,252,96,0.4,17,240,134,106,0,0.56,95.2,5277,8134,2857,64.9,63440,421,209,25,2.6,5.4,7.8,7.68,6.93,12,260,49,29,35
2004,3,1,11,Ben Roethlisberger,77,241,Steelers,12,0.375,18,Miami (OH),MAC,0.446,854,1304,65.5,10829,8.3,8.4,84,34,151.3,269,246,0.9,7,247,165,81,1,0.67,93.5,5440,8443,3003,64.4,64088,418,211,18,2.5,6.16,7.6,7.46,6.59,11.8,257.4,48.2,41,53
2004,4,1,22,J.P. Losman,74,224,Bills,0,0.375,27,Tulane,CUSA,0.475,570,987,57.8,6754,6.8,6.8,60,27,129.8,237,241,1,10,33,10,23,0,0.3,75.6,564,952,388,59.2,6271,33,34,3,3.6,10.19,6.6,5.67,4.35,11.1,139.4,40.1,3,6
2004,5,3,90,Matt Schaub,78,243,Falcons,0,0.313,19,Virginia,ACC,0.619,716,1069,67,7502,7,7,56,26,138.4,132,58,0.4,5,93,47,46,0,0.51,89.5,2148,3348,1200,64.2,25467,136,91,14,2.7,5.1,7.6,7.2,6.48,11.9,164.3,48.1,11,14
2004,6,4,106,Luke McCown,76,208,Browns,3,0.313,26,Louisiana Tech,WAC,0.439,1063,1775,59.9,12666,7.1,6.5,87,62,129,274,65,0.2,10,10,2,8,0,0.2,71.3,216,356,140,60.7,2370,9,15,1,4.2,8.72,6.7,5.27,4.11,11,38.2,39,1,1
2004,7,5,148,Craig Krenzel,75,228,Bears,0,0.438,22,Ohio State,Big Ten,0.595,326,574,56.8,4473,7.8,7.2,28,20,131.4,247,600,2.4,6,5,3,2,0,0.6,52.5,59,127,68,46.5,718,3,6,0,4.7,15.33,5.7,4,2.33,12.2,119.7,25.3,1,1
2004,8,6,185,Andy Hall,74,218,Eagles,5,0.75,10,Delaware,FCS,0,0,0,0,0,0,0,0,0,0,0,0,0,0,0,0,0,0,0,0,0,0,0,0,0,0,0,0,0,0,0,0,0,0,0,0,0,0
2004,9,6,187,Josh Harris,73,238,Ravens,5,0.625,7,Bowling Green,MAC,0.446,627,1028,61,7503,7.3,7.1,55,28,134.5,596,2473,4.1,43,0,0,0,0,0,0,0,0,0,0,0,0,0,0,0,0,0,0,0,0,0,0,0,0
2004,10,6,193,Jim Sorgi,77,196,Colts,2,0.75,2,Wisconsin,Big Ten,0.595,287,517,55.5,4475,8.7,8.2,33,20,141.5,137,-39,-0.3,4,0,0,0,0,0,89.9,99,156,57,63.5,929,6,1,0,0.6,3.7,6,6.44,5.97,9.4,58.1,44.4,0,0
2004,11,6,201,Jeff Smoker,75,223,Rams,4,0.75,2,Michigan State,Big Ten,0.595,663,1118,59.3,8556,7.7,7.2,58,38,133.9,246,-235,-1,7,0,0,0,0,0,0,0,0,0,0,0,0,0,0,0,0,0,0,0,0,0,0,0,0
2004,12,7,202,John Navarre,78,246,Cardinals,0,0.25,28,Michigan,Big Ten,0.595,744,1327,56.1,9014,6.8,6.8,70,30,126,144,-241,-1.7,2,1,0,1,0,0,43.9,32,64,32,50,342,2,5,0,7.8,7.25,5.3,2.45,1.77,10.7,171,33.3,0,0
2004,13,7,217,Cody Pickett,75,233,49ers,1,0.438,8,Washington,Pac 10,0.58,792,1373,57.7,9916,7.2,6.6,53,42,125,249,-186,-0.7,11,2,0,2,0,0,16.4,18,45,27,40,195,0,4,0,8.9,10,4.3,0.33,-0.3,10.8,32.5,18,0,0
2004,14,7,218,Casey Bramlet,76,220,Bengals,1,0.5,12,Wyoming,MWC,0.547,767,1378,55.7,9684,7,6.3,56,48,121.1,296,-109,-0.4,14,0,0,0,0,0,0,0,0,0,0,0,0,0,0,0,0,0,0,0,0,0,0,0,0
2004,15,7,225,Matt Mauck,74,228,Broncos,9,0.625,9,Louisiana State,SEC,0.627,310,529,58.6,3831,7.2,7.1,37,18,135.7,149,345,2.3,5,1,0,1,0,0,53.9,15,27,12,55.6,136,0,1,0,3.7,3.57,5,3.37,2.96,9.1,68,35.7,0,0
2004,16,7,248,B.J. Symons,72,210,Texans,2,0.313,25,Texas Tech,Big 12,0.585,529,822,64.4,6378,7.8,7.8,59,25,147.1,100,208,2.1,6,0,0,0,0,0,0,0,0,0,0,0,0,0,0,0,0,0,0,0,0,0,0,0,0
2004,17,7,250,Bradlee Van Pelt,74,231,Broncos,9,0.625,9,Colorado State,MWC,0.547,424,778,54.5,6165,7.9,7.1,37,30,129,420,2274,5.4,25,0,0,0,0,0,39.6,2,8,6,25,7,0,0,0,0,0,0.9,0.88,0.88,3.5,2.3,0,0,0
2003,1,1,1,Carson Palmer,77,232,Bengals,0,0.125,25,USC,Pac 10,0.626,895,1515,59.1,11388,7.5,7,71,49,131.2,243,-99,-0.4,9,181,92,88,1,0.51,87.9,3941,6307,2366,62.5,46247,294,187,22,3,5.12,7.3,6.93,6.22,11.7,254.1,47.4,22,35
2003,2,1,7,Byron Leftwich,77,241,Jaguars,0,0.375,19,Marshall,MAC,0.434,939,1442,65.1,11903,8.3,8.6,89,28,150.9,190,181,1,6,50,24,26,0,0.48,78.9,930,1605,675,57.9,10532,58,42,3,2.6,5.42,6.6,6.11,5.51,11.3,175.5,41.8,7,10
2003,3,1,19,Kyle Boller,75,234,Ravens,4,0.438,21,California,Pac 10,0.626,622,1301,47.8,7980,6.1,5.5,64,48,108.2,275,-169,-0.6,6,47,20,27,0,0.43,69.5,861,1519,658,56.7,8931,48,54,6,3.6,7.49,5.9,4.91,4.06,10.4,133.3,38.3,4,6
2003,4,1,22,Rex Grossman,73,217,Bears,4,0.25,24,Florida,SEC,0.628,677,1110,61,9164,8.3,8.2,77,36,146.7,119,-133,-1.1,6,47,25,22,0,0.53,71.4,863,1562,699,55.2,10232,56,60,5,3.8,5.56,6.6,5.54,4.81,11.9,189.5,41.1,6,9
2003,5,3,88,Dave Ragone,76,249,Texans,1,0.25,29,Louisville,ACC,0.62,685,1180,58.1,8564,7.3,7.4,74,29,134,326,597,1.8,9,2,0,2,0,0,47.4,20,40,20,50,135,0,1,0,2.5,16.67,3.4,2.25,1.06,6.8,67.5,22.9,0,0
2003,6,3,97,Chris Simms,76,220,Buccaneers,1,0.75,16,Texas,Big 12,0.622,535,911,58.7,7097,7.8,7.5,58,31,138.4,159,-137,-0.9,10,16,7,9,0,0.44,69.1,297,511,214,58.1,3117,12,18,2,3.5,8.75,6.1,4.98,3.9,10.5,135.5,41.6,3,3
2003,7,4,110,Seneca Wallace,71,196,Seahawks,4,0.438,14,Iowa State,Big 12,0.622,411,712,57.7,5289,7.4,6.5,26,27,124.6,237,912,3.8,15,22,6,16,0,0.27,80.8,468,788,320,59.4,4947,31,19,1,2.4,6.97,6.3,5.98,5.16,10.6,77.3,41.4,2,2
2003,8,5,163,Brian St. Pierre,75,218,Steelers,11,0.656,8,Boston College,ACC,0.62,457,803,56.9,5837,7.3,6.7,48,32,129.7,172,419,2.4,2,1,0,1,0,0,45.6,15,33,18,45.5,185,2,3,2,9.1,8.33,5.6,2.73,1.86,12.3,61.7,19.4,1,1
2003,9,6,192,Drew Henson,76,230,Texans,1,0.25,29,Michigan,Big Ten,0.631,196,351,55.8,2631,7.5,7.9,22,7,135.5,60,74,1.2,4,1,1,0,0,1,64.2,11,20,9,55,98,1,1,1,5,20,4.9,3.65,0.88,8.9,10.9,36,0,0
2003,10,6,200,Brooks Bollinger,72,205,Jets,2,0.563,13,Wisconsin,Big Ten,0.631,398,740,53.8,5406,7.3,7.2,36,17,126.6,490,1703,3.5,25,10,2,8,0,0.2,74.6,211,360,149,58.6,2226,9,9,1,2.5,11.98,6.2,5.56,4.16,10.5,106,39.6,2,1
2003,11,6,201,Kliff Kingsbury,75,213,Patriots,3,0.563,9,Texas Tech,Big 12,0.622,1231,1883,65.4,12429,6.6,6.7,95,40,133.2,273,-166,-0.6,5,0,0,0,0,0,79.2,1,2,1,50,17,0,0,0,0,0,8.5,8.5,8.5,17,17,0,0,0
2003,12,7,232,Gibran Hamdan,78,240,Redskins,1,0.438,22,Independentiana,Big Ten,0.631,155,299,51.8,2172,7.3,5.8,10,14,114.5,57,-43,-0.8,1,0,0,0,0,0,58.3,1,2,1,50,7,0,0,0,0,33.33,3.5,3.5,1.67,7,7,0,0,0
2003,13,7,241,Ken Dorsey,77,208,49ers,0,0.625,12,Miami (FL),ACC,0.62,668,1153,57.9,9565,8.3,8.7,86,28,147.4,59,-79,-1.3,2,13,2,11,0,0.15,55.2,214,408,194,52.5,2082,8,18,4,4.4,5.77,5.1,3.51,2.91,9.7,130.1,35.3,0,1
2002,1,1,1,David Carr,75,223,Texans,0,0,0,Fresno State,WAC,0.457,530,845,62.7,6927,8.2,8.6,61,20,150.7,172,118,0.7,9,79,23,56,0,0.29,74.9,1353,2267,914,59.7,14452,65,71,7,3.1,10.54,6.4,5.54,4.34,10.7,153.7,41.2,7,11
2002,2,1,3,Joey Harrington,76,215,Lions,1,0.125,25,Oregon,Pac 10,0.625,445,813,54.7,6057,7.5,7.6,52,21,133.3,134,220,1.6,15,76,26,50,0,0.34,69.4,1424,2538,1114,56.1,14693,79,85,14,3.3,4.66,5.8,4.9,4.39,10.3,181.4,39.3,6,7
2002,3,1,32,Patrick Ramsey,74,219,Redskins,0,0.5,27,Tulane,CUSA,0.46,798,1355,58.9,9205,6.8,6.2,72,51,126,152,-128,-0.8,4,24,10,14,0,0.42,74.9,511,913,402,56,5930,35,30,4,3.3,7.96,6.5,5.78,4.8,11.6,160.3,40.6,0,2
2002,4,3,81,Josh McCown,76,221,Cardinals,2,0.438,20,Sam Houston State,WAC,0.457,340,664,51.2,4022,6.1,4.6,27,34,105.3,198,201,1,4,76,23,53,0,0.3,79.7,1584,2633,1049,60.2,17731,98,82,5,3.1,8.19,6.7,6.08,5.03,11.2,173.8,42.6,6,7
2002,5,4,108,David Garrard,74,235,Jaguars,7,0.375,21,East Carolina,CUSA,0.46,666,1169,57,9029,7.7,7.2,60,39,132.1,516,1209,2.3,21,76,39,37,0,0.51,85.8,1406,2281,875,61.6,16003,89,54,4,2.4,7.28,7,6.73,5.79,11.4,186.1,45.6,10,17
2002,6,4,117,Rohan Davey,74,245,Patriots,2,0.688,6,Louisiana State,SEC,0.64,286,478,59.8,4415,9.2,9,29,15,151.2,66,77,1.2,0,0,0,0,0,0,56.5,8,19,11,42.1,88,0,0,0,0,0,4.6,4.63,4.63,11,12.6,36.8,0,0
2002,7,5,137,Randy Fasani,75,224,Panthers,0,0.063,28,Stanford,Pac 10,0.625,188,369,50.9,2973,8.1,8.1,25,11,135,127,317,2.5,6,1,0,1,0,0,8.8,15,44,29,34.1,171,0,4,0,9.1,13.73,3.9,-0.2,-1.35,11.4,42.8,17.6,0,0
2002,8,5,158,Kurt Kittner,74,221,Falcons,5,0.438,22,Illinois,Big Ten,0.598,654,1205,54.3,8206,6.8,6.7,64,32,123.7,188,157,0.8,6,4,1,3,0,0.25,32.5,44,114,70,38.6,391,2,6,1,5.3,4.2,3.4,1.41,1.1,8.9,55.9,26.9,0,0
2002,9,5,163,Brandon Doman,74,210,49ers,5,0.75,3,Brigham Young,MWC,0.495,313,504,62.1,4354,8.6,8.8,35,14,152,184,673,3.7,11,0,0,0,0,0,0,0,0,0,0,0,0,0,0,0,0,0,0,0,0,0,0,0,0
2002,10,5,164,Craig Nall,75,227,Packers,3,0.75,5,Northwestern State (LA),FCS,0,0,0,0,0,0,0,0,0,0,0,0,0,0,0,0,0,0,0,123.8,30,48,18,62.5,402,5,0,0,0,5.88,8.4,10.46,9.49,13.4,57.4,51,0,0
2002,11,6,186,J.T. O'Sullivan,74,223,Saints,2,0.438,13,California-Davis,FCS,0,0,0,0,0,0,0,0,0,0,0,0,0,0,8,2,6,0,0.25,69.9,145,257,112,56.4,1866,9,13,2,5.1,12.88,7.3,5.68,4.12,12.9,109.8,37.3,1,1
2002,12,6,205,Steve Bellisari,75,225,Rams,2,0.875,1,Ohio State,Big Ten,0.598,351,699,50.2,5401,7.7,6.9,33,27,123,285,607,2.1,5,0,0,0,0,0,0,0,0,0,0,0,0,0,0,0,0,0,0,0,0,0,0,0,0
2002,13,7,216,Seth Burford,75,241,Chargers,0,0.313,14,Cal Poly-San Luis Obispo,FCS,0,0,0,0,0,0,0,0,0,0,0,0,0,0,0,0,0,0,0,0,0,0,0,0,0,0,0,0,0,0,0,0,0,0,0,0,0,0
2002,14,7,232,Jeff Kelly,73,212,Seahawks,3,0.563,19,Southern Mississippi,Sun Belt,0.291,0,0,0,0,0,0,0,0,0,0,0,0,0,0,0,0,0,0,0,0,0,0,0,0,0,0,0,0,0,0,0,0,0,0,0,0,0
2002,15,7,235,Ronald Curry,74,220,Raiders,0,0.625,4,North Carolina,ACC,0.598,345,695,49.6,4987,7.2,5.7,28,35,113.1,348,1249,3.6,13,0,0,0,0,0,0,0,0,0,0,0,0,0,0,0,0,0,0,0,0,0,0,0,0
2002,16,7,236,Wes Pate,74,228,Ravens,3,0.625,18,Stephen F. Austin,FCS,0,0,0,0,0,0,0,0,0,0,0,0,0,0,0,0,0,0,0,0,0,0,0,0,0,0,0,0,0,0,0,0,0,0,0,0,0,0
2001,1,1,1,Michael Vick,72,210,Falcons,4,0.25,25,Virginia Tech,Big East,0.616,177,313,56.5,3074,9.8,9.5,20,11,153.1,212,1202,5.7,16,115,61,51,1,0.53,80.4,1807,3217,1410,56.2,22464,133,88,6,2.7,8.94,7,6.58,5.46,12.4,157.1,40.5,14,15
2001,2,2,32,Drew Brees,72,213,Chargers,2,0.063,24,Purdue,Big Ten,0.579,942,1525,61.8,10909,7.2,7,81,41,134,229,906,4,14,286,172,114,0,0.6,98.7,7142,10551,3409,67.7,80358,571,243,27,2.3,3.83,7.6,7.66,7.1,11.3,280,51.2,36,53
2001,3,2,53,Quincy Carter,74,225,Cowboys,1,0.313,21,Georgia,SEC,0.601,483,853,56.6,6447,7.6,7.1,35,25,127.8,251,606,2.4,11,34,18,16,0,0.53,71.7,542,960,418,56.5,6337,32,37,3,3.9,7.69,6.6,5.53,4.68,11.7,166.8,38.4,5,7
2001,4,2,59,Marques Tuiasosopo,73,223,Raiders,3,0.75,3,Washington,Pac 10,0.647,418,761,54.9,5501,7.2,6.4,31,28,121.7,346,1374,4,20,2,0,2,0,0,48.1,49,90,41,54.4,554,2,7,0,7.8,10,6.2,3.1,2.09,11.3,42.6,43,0,0
2001,5,4,106,Chris Weinke,76,226,Panthers,2,0.438,19,Florida State,ACC,0.538,650,1107,58.7,9839,8.9,9,79,32,151.1,110,-366,-3.3,2,20,2,18,0,0.1,62.2,386,709,323,54.4,3904,15,26,5,3.7,6.22,5.5,4.28,3.62,10.1,134.6,38,1,1
2001,6,4,109,Sage Rosenfels,76,228,Redskins,0,0.5,22,Iowa State,Big 12,0.616,306,587,52.1,4164,7.1,5.7,18,26,113,164,660,4,14,12,6,6,0,0.5,81.2,351,562,211,62.5,4156,30,29,1,5.2,3.27,7.4,6.14,5.72,11.8,94.5,51.3,2,2
2001,7,4,125,Jesse Palmer,74,231,Giants,4,0.75,14,Florida,SEC,0.601,254,479,53,3755,7.8,7.5,31,17,133.1,67,-124,-1.9,6,3,0,3,0,0,59.8,63,120,57,52.5,562,3,4,1,3.3,11.76,4.7,3.68,2.55,8.9,70.3,33.1,0,0
2001,8,5,149,Mike McMahon,74,207,Lions,0,0.563,20,Rutgers,Big East,0.616,482,974,49.5,6608,6.8,5.2,41,52,109.7,214,185,0.9,8,14,3,11,0,0.21,55.1,229,515,286,44.5,2867,15,21,5,4.1,9.65,5.6,4.31,3.31,12.5,98.9,31.8,3,3
2001,9,5,155,A.J. Feeley,75,220,Eagles,2,0.688,11,Oregon,Pac 10,0.647,146,278,52.5,2133,7.7,7.8,15,6,130.5,37,0,0,1,18,8,10,0,0.44,69.1,425,762,337,55.8,4618,28,31,6,4.1,5.46,6.1,4.96,4.35,10.9,164.9,39.8,3,5
2001,10,6,172,Josh Booty,74,221,Seahawks,2,0.375,17,Louisiana State,SEC,0.601,307,623,49.3,3951,6.3,4.7,24,34,104.3,53,-83,-1.6,0,0,0,0,0,0,0,0,0,0,0,0,0,0,0,0,0,0,0,0,0,0,0,0,0
2001,11,6,177,Josh Heupel,74,215,Dolphins,1,0.688,15,Oklahoma,Big 12,0.616,590,933,63.2,6852,7.3,7,50,29,136.4,117,46,0.4,12,0,0,0,0,0,0,0,0,0,0,0,0,0,0,0,0,0,0,0,0,0,0,0,0
2000,1,1,18,Chad Pennington,75,229,Jets,0,0.5,18,Marshall,MAC,0.389,807,1265,63.8,10698,8.5,9,100,30,156.2,163,18,0.1,4,81,44,37,0,0.54,90.1,1632,2471,839,66,17823,102,64,6,2.6,6.15,7.2,6.87,6.08,10.9,200.3,48.1,7,10
2000,2,3,65,Giovanni Carmazzi,75,224,49ers,3,0.25,20,Hofstra,FCS,0,0,0,0,0,0,0,0,0,0,0,0,0,0,0,0,0,0,0,0,0,0,0,0,0,0,0,0,0,0,0,0,0,0,0,0,0,0
2000,3,3,75,Chris Redman,75,222,Ravens,1,0.5,13,Louisville,CUSA,0.523,1031,1679,61.4,12541,7.5,7.1,84,51,134.6,167,-412,-2.5,3,12,4,8,0,0.33,78.6,286,500,214,57.2,3179,21,14,5,2.8,6.37,6.4,5.94,5.19,11.1,106,41,2,2
2000,4,5,163,Tee Martin,74,227,Steelers,8,0.375,16,Tennessee,SEC,0.623,326,588,55.4,4592,7.8,7.7,32,16,133.6,204,614,3,16,0,0,0,0,0,25.3,6,16,10,37.5,69,0,1,0,6.3,5.88,4.3,1.5,1.12,11.5,23,29.4,0,0
2000,5,6,168,Marc Bulger,74,208,Saints,0,0.188,26,West Virginia,Big East,0.537,571,933,61.2,7371,7.9,7.5,53,31,139.7,100,-293,-2.9,2,95,41,54,0,0.43,84.4,1969,3171,1202,62.1,22814,122,93,10,2.9,7.42,7.2,6.64,5.61,11.6,237.6,45.3,12,16
2000,6,6,183,Spergon Wynn,75,229,Browns,1,0.125,28,Southwest Texas State,Sun Belt,0,0,0,0,0,0,0,0,0,0,0,0,0,0,3,0,3,0,0,39.5,70,152,82,46.1,585,1,7,1,4.6,13.14,3.8,1.91,0.78,8.4,58.5,25.1,0,0
2000,7,6,199,Tom Brady,76,211,Patriots,0,0.5,19,Michigan,Big Ten,0.645,395,638,61.9,4773,7.5,7.2,30,17,134.9,90,-150,-1.7,3,333,251,82,0,0.75,97.2,7753,12050,4297,64.3,89214,649,212,18,1.8,4.48,7.4,7.69,7.06,11.5,266.3,49.6,46,58
2000,8,6,202,Todd Husak,75,216,Redskins,0,0.625,2,Stanford,Pac 10,0.56,465,872,53.3,6564,7.5,7.2,41,24,126.6,99,-136,-1.4,3,0,0,0,0,0,79.2,2,2,0,100,-2,0,0,0,0,0,-1,-1,-1,-1,-2,0,0,0
2000,9,6,205,JaJuan Seider,73,230,Chargers,1,0.5,25,Florida A&M,FCS,0,0,0,0,0,0,0,0,0,0,0,0,0,0,0,0,0,0,0,0,0,0,0,0,0,0,0,0,0,0,0,0,0,0,0,0,0,0
2000,10,7,212,Tim Rattay,72,215,49ers,3,0.25,20,Louisiana Tech,Independent,0.424,1015,1552,65.4,12746,8.2,8.7,115,35,154.3,153,-103,-0.7,2,18,5,13,0,0.28,81.9,432,714,282,60.5,4853,31,23,2,3.2,8.11,6.8,6.22,5.23,11.2,121.3,43.8,1,1
2000,11,7,214,Jarious Jackson,72,226,Broncos,5,0.375,17,Notre Dame,Independent,0.424,306,536,57.1,4820,9,8.5,34,21,145.7,272,957,3.5,13,1,0,1,0,0,46.4,11,22,11,50,114,0,1,0,4.5,8.33,5.2,3.14,2.42,10.4,22.8,37.5,0,0
2000,12,7,234,Joe Hamilton,70,192,Buccaneers,4,0.688,24,Georgia Tech,ACC,0.6,629,1020,61.7,8882,8.7,8.3,65,39,148.2,501,1758,3.5,18,0,0,0,0,0,0,0,0,0,0,0,0,0,0,0,100,0,0,-1,0,0,0,0,0